{"stats":{"minecraft:used":{"minecraft:stone_sword":64,"minecraft:stone_pickaxe":133,"minecraft:baked_potato":4,"minecraft:chest":8,"minecraft:wooden_pickaxe":5,"minecraft:spruce_planks":4,"minecraft:shield":31,"minecraft:blue_bed":4,"minecraft:iron_chestplate":1,"minecraft:dirt":7,"minecraft:blast_furnace":1,"minecraft:granite":34,"minecraft:spruce_log":2,"minecraft:diamond_pickaxe":158,"minecraft:apple":2,"minecraft:iron_axe":29,"minecraft:iron_pickaxe":63,"minecraft:iron_helmet":1,"minecraft:diamond_sword":81,"minecraft:cobblestone":5,"minecraft:sweet_berries":89,"minecraft:cooked_beef":8,"minecraft:cobbled_deepslate":39},"minecraft:picked_up":{"minecraft:feather":1,"minecraft:cooked_beef":8,"minecraft:andesite":14,"minecraft:golden_pickaxe":1,"minecraft:leather":2,"minecraft:wooden_pickaxe":1,"minecraft:gunpowder":4,"minecraft:blue_bed":5,"minecraft:lapis_lazuli":36,"minecraft:dirt":15,"minecraft:string":5,"minecraft:bone":12,"minecraft:cobbled_deepslate":57,"minecraft:raw_gold":5,"minecraft:spruce_planks":9,"minecraft:beef":7,"minecraft:iron_ingot":4,"minecraft:chest":2,"minecraft:iron_boots":1,"minecraft:egg":1,"minecraft:raw_iron":30,"minecraft:sweet_berries":110,"minecraft:torch":1,"minecraft:porkchop":15,"minecraft:sand":2,"minecraft:spruce_sapling":3,"minecraft:blast_furnace":1,"minecraft:diorite":8,"minecraft:spruce_log":24,"minecraft:redstone":46,"minecraft:spider_eye":4,"minecraft:arrow":8,"minecraft:rotten_flesh":8,"minecraft:diamond":31,"minecraft:granite":36,"minecraft:baked_potato":8,"minecraft:coal":36,"minecraft:mutton":2,"minecraft:white_wool":1,"minecraft:cobblestone":139},"minecraft:dropped":{"minecraft:stone_sword":1,"minecraft:golden_pickaxe":1,"minecraft:diamond":9,"minecraft:feather":1,"minecraft:iron_boots":2,"minecraft:stick":1,"minecraft:spider_eye":1,"minecraft:wooden_pickaxe":2,"minecraft:stone_pickaxe":1,"minecraft:iron_pickaxe":1},"minecraft:killed":{"minecraft:pig":9,"minecraft:spider":11,"minecraft:iron_golem":1,"minecraft:creeper":4,"minecraft:sheep":1,"minecraft:skeleton":7,"minecraft:zombie":10,"minecraft:cow":4},"minecraft:custom":{"minecraft:interact_with_furnace":1,"minecraft:mob_kills":47,"minecraft:interact_with_crafting_table":12,"minecraft:bell_ring":24,"minecraft:leave_game":2,"minecraft:time_since_death":74843,"minecraft:sleep_in_bed":4,"minecraft:time_since_rest":4623,"minecraft:sprint_one_cm":249341,"minecraft:damage_taken":1574,"minecraft:walk_one_cm":147867,"minecraft:damage_blocked_by_shield":1910,"minecraft:drop":12,"minecraft:damage_dealt":8068,"minecraft:swim_one_cm":36240,"minecraft:fly_one_cm":197202,"minecraft:open_chest":9,"minecraft:crouch_one_cm":14879,"minecraft:play_time":74843,"minecraft:sneak_time":7300,"minecraft:walk_under_water_one_cm":5484,"minecraft:jump":1500,"minecraft:interact_with_blast_furnace":5,"minecraft:walk_on_water_one_cm":19405,"minecraft:total_world_time":74843,"minecraft:fall_one_cm":39994},"minecraft:mined":{"minecraft:deepslate_redstone_ore":9,"minecraft:deepslate_diamond_ore":32,"minecraft:granite":35,"minecraft:blast_furnace":1,"minecraft:grass_block":6,"minecraft:chest":2,"minecraft:cobblestone":5,"minecraft:spruce_leaves":8,"minecraft:deepslate_gold_ore":4,"minecraft:diorite":10,"minecraft:blue_bed":5,"minecraft:redstone_ore":1,"minecraft:iron_ore":12,"minecraft:cobbled_deepslate":3,"minecraft:sweet_berry_bush":22,"minecraft:spruce_log":24,"minecraft:andesite":6,"minecraft:deepslate_lapis_ore":5,"minecraft:coal_ore":37,"minecraft:deepslate_iron_ore":17,"minecraft:dirt_path":3,"minecraft:sand":2,"minecraft:dirt":6,"minecraft:stone":133,"minecraft:deepslate":38},"minecraft:crafted":{"minecraft:diamond_sword":1,"minecraft:spruce_planks":60,"minecraft:wooden_pickaxe":1,"minecraft:air":0,"minecraft:diamond_leggings":1,"minecraft:diamond_pickaxe":1,"minecraft:shield":1,"minecraft:iron_axe":1,"minecraft:stick":16,"minecraft:iron_ingot":3,"minecraft:iron_pickaxe":1,"minecraft:stone_pickaxe":1,"minecraft:stone_sword":1,"minecraft:chest":6}},"DataVersion":3953}