{"stats":{"minecraft:dropped":{"minecraft:iron_ingot":34,"minecraft:oak_slab":5,"minecraft:wheat_seeds":7,"minecraft:stick":2,"minecraft:dirt":17,"minecraft:dandelion":1,"minecraft:stone_sword":1,"minecraft:rotten_flesh":5,"minecraft:oak_planks":8,"minecraft:flint_and_steel":1,"minecraft:leather_chestplate":1,"minecraft:oak_boat":6,"minecraft:oak_sapling":1,"minecraft:ladder":7,"minecraft:leather_leggings":1,"minecraft:spider_eye":1,"minecraft:stone_pickaxe":1},"minecraft:broken":{"minecraft:iron_shovel":1,"minecraft:stone_axe":2,"minecraft:stone_shovel":1},"minecraft:used":{"minecraft:oak_trapdoor":24,"minecraft:stone_sword":1,"minecraft:iron_shovel":509,"minecraft:stone_shovel":246,"minecraft:ladder":24,"minecraft:oak_sign":11,"minecraft:chest":9,"minecraft:shield":18,"minecraft:iron_sword":4,"minecraft:torch":5,"minecraft:dirt":187,"minecraft:soul_sand":1,"minecraft:hopper":9,"minecraft:oak_fence_gate":5,"minecraft:lava_bucket":3,"minecraft:iron_axe":40,"minecraft:furnace":1,"minecraft:water_bucket":2,"minecraft:stone_pickaxe":41,"minecraft:oak_planks":96,"minecraft:wooden_pickaxe":6,"minecraft:oak_slab":9,"minecraft:crafting_table":10,"minecraft:white_bed":19,"minecraft:oak_log":1,"minecraft:melon_slice":12,"minecraft:bread":41,"minecraft:iron_pickaxe":142,"minecraft:gravel":4,"minecraft:stone_axe":213,"minecraft:cobblestone":9,"minecraft:bucket":5,"minecraft:yellow_bed":4,"minecraft:oak_boat":14},"minecraft:custom":{"minecraft:mob_kills":36,"minecraft:interact_with_crafting_table":47,"minecraft:bell_ring":2,"minecraft:leave_game":3,"minecraft:time_since_death":165429,"minecraft:climb_one_cm":16031,"minecraft:sprint_one_cm":386893,"minecraft:walk_one_cm":325095,"minecraft:damage_blocked_by_shield":1065,"minecraft:drop":48,"minecraft:talked_to_villager":1,"minecraft:play_time":165429,"minecraft:sneak_time":13547,"minecraft:walk_under_water_one_cm":8127,"minecraft:boat_one_cm":309509,"minecraft:jump":2613,"minecraft:walk_on_water_one_cm":15033,"minecraft:total_world_time":165429,"minecraft:interact_with_furnace":5,"minecraft:sleep_in_bed":11,"minecraft:time_since_rest":10092,"minecraft:damage_taken":1461,"minecraft:damage_dealt":5612,"minecraft:fly_one_cm":510374,"minecraft:swim_one_cm":22264,"minecraft:open_chest":50,"minecraft:crouch_one_cm":35949,"minecraft:fall_one_cm":64808},"minecraft:mined":{"minecraft:white_bed":17,"minecraft:ladder":1,"minecraft:grass_block":560,"minecraft:jungle_log":1,"minecraft:oak_wall_sign":2,"minecraft:oak_trapdoor":5,"minecraft:iron_ore":7,"minecraft:vine":1,"minecraft:dirt_path":19,"minecraft:stone":133,"minecraft:oak_slab":2,"minecraft:crafting_table":8,"minecraft:torch":7,"minecraft:short_grass":61,"minecraft:melon":6,"minecraft:chest":2,"minecraft:cobblestone":9,"minecraft:oak_planks":91,"minecraft:diorite":20,"minecraft:wall_torch":5,"minecraft:yellow_bed":1,"minecraft:coal_ore":17,"minecraft:oak_log":73,"minecraft:oak_fence_gate":1,"minecraft:gravel":6,"minecraft:dirt":156,"minecraft:oak_leaves":8,"minecraft:fern":1},"minecraft:picked_up":{"minecraft:crafting_table":8,"minecraft:chicken":1,"minecraft:ladder":10,"minecraft:leather_leggings":1,"minecraft:oak_trapdoor":4,"minecraft:oak_sign":2,"minecraft:beef":9,"minecraft:oak_boat":12,"minecraft:poppy":19,"minecraft:melon_slice":31,"minecraft:chest":2,"minecraft:raw_iron":7,"minecraft:stick":1,"minecraft:torch":12,"minecraft:porkchop":8,"minecraft:diorite":20,"minecraft:arrow":3,"minecraft:rotten_flesh":5,"minecraft:mutton":14,"minecraft:white_wool":9,"minecraft:cobblestone":142,"minecraft:leather_chestplate":1,"minecraft:feather":1,"minecraft:jungle_log":1,"minecraft:flint":1,"minecraft:oak_log":96,"minecraft:yellow_bed":4,"minecraft:dirt":707,"minecraft:bone":5,"minecraft:wheat_seeds":29,"minecraft:iron_ingot":88,"minecraft:oak_fence_gate":1,"minecraft:soul_sand":3,"minecraft:oak_planks":96,"minecraft:oak_slab":2,"minecraft:dandelion":1,"minecraft:lava_bucket":1,"minecraft:gravel":5,"minecraft:white_bed":18,"minecraft:spider_eye":1,"minecraft:bread":39,"minecraft:oak_sapling":2,"minecraft:coal":17},"minecraft:crafted":{"minecraft:oak_planks":340,"minecraft:stone_shovel":2,"minecraft:oak_sign":9,"minecraft:furnace":1,"minecraft:oak_trapdoor":20,"minecraft:flint_and_steel":1,"minecraft:hopper":9,"minecraft:iron_boots":1,"minecraft:iron_axe":1,"minecraft:ladder":21,"minecraft:stone_pickaxe":1,"minecraft:chest":16,"minecraft:oak_slab":12,"minecraft:crafting_table":2,"minecraft:wooden_pickaxe":1,"minecraft:iron_helmet":1,"minecraft:iron_sword":1,"minecraft:stone_axe":3,"minecraft:air":0,"minecraft:jungle_planks":4,"minecraft:oak_fence_gate":4,"minecraft:oak_boat":7,"minecraft:iron_chestplate":1,"minecraft:shield":1,"minecraft:stick":100,"minecraft:iron_ingot":7,"minecraft:iron_pickaxe":1,"minecraft:stone_sword":1,"minecraft:iron_shovel":2,"minecraft:iron_leggings":1,"minecraft:white_bed":3},"minecraft:killed":{"minecraft:spider":1,"minecraft:skeleton":3,"minecraft:chicken":1,"minecraft:pig":5,"minecraft:zombie_villager":1,"minecraft:iron_golem":1,"minecraft:sheep":9,"minecraft:zombie":10,"minecraft:enderman":1,"minecraft:cow":4}},"DataVersion":3953}