{"stats":{"minecraft:used":{"minecraft:stone_pickaxe":40,"minecraft:wooden_pickaxe":4,"minecraft:cooked_chicken":7,"minecraft:stone_axe":97,"minecraft:golden_carrot":2,"minecraft:dirt":10,"minecraft:crafting_table":6,"minecraft:furnace":1,"minecraft:oak_boat":2,"minecraft:white_bed":4,"minecraft:golden_pickaxe":1},"minecraft:picked_up":{"minecraft:raw_iron":6,"minecraft:stick":1,"minecraft:crafting_table":6,"minecraft:feather":13,"minecraft:chicken":17,"minecraft:jungle_log":1,"minecraft:leather":4,"minecraft:acacia_log":8,"minecraft:porkchop":28,"minecraft:oak_log":4,"minecraft:white_bed":4,"minecraft:dirt":12,"minecraft:wheat_seeds":4,"minecraft:beef":11,"minecraft:oak_boat":2,"minecraft:gray_wool":1,"minecraft:black_wool":1,"minecraft:mutton":18,"minecraft:coal":10,"minecraft:white_wool":10,"minecraft:cobblestone":25,"minecraft:furnace":1},"minecraft:dropped":{"minecraft:dirt":2,"minecraft:golden_pickaxe":1,"minecraft:wooden_pickaxe":1},"minecraft:killed":{"minecraft:sheep":12,"minecraft:pig":15,"minecraft:chicken":17,"minecraft:cow":7},"minecraft:custom":{"minecraft:time_since_rest":2934,"minecraft:interact_with_furnace":3,"minecraft:sprint_one_cm":142666,"minecraft:damage_taken":290,"minecraft:walk_one_cm":51012,"minecraft:mob_kills":51,"minecraft:drop":4,"minecraft:damage_dealt":3840,"minecraft:swim_one_cm":8823,"minecraft:interact_with_crafting_table":8,"minecraft:fly_one_cm":198066,"minecraft:open_chest":2,"minecraft:crouch_one_cm":4440,"minecraft:play_time":29598,"minecraft:sneak_time":1874,"minecraft:walk_under_water_one_cm":2128,"minecraft:boat_one_cm":49423,"minecraft:jump":1048,"minecraft:walk_on_water_one_cm":2523,"minecraft:time_since_death":29598,"minecraft:sleep_in_bed":3,"minecraft:total_world_time":29598,"minecraft:climb_one_cm":99,"minecraft:fall_one_cm":29934},"minecraft:mined":{"minecraft:white_bed":4,"minecraft:furnace":1,"minecraft:iron_ore":6,"minecraft:fire":4,"minecraft:crafting_table":6,"minecraft:short_grass":19,"minecraft:acacia_log":8,"minecraft:coal_ore":10,"minecraft:grass_block":2,"minecraft:oak_log":2,"minecraft:jungle_log":1,"minecraft:dirt":10,"minecraft:tall_grass":1,"minecraft:stone":25,"minecraft:oak_leaves":3},"minecraft:crafted":{"minecraft:oak_boat":1,"minecraft:oak_planks":16,"minecraft:crafting_table":1,"minecraft:stick":8,"minecraft:cooked_chicken":8,"minecraft:wooden_pickaxe":1,"minecraft:stone_pickaxe":1,"minecraft:furnace":1,"minecraft:white_bed":1,"minecraft:acacia_planks":4,"minecraft:stone_axe":2,"minecraft:air":0,"minecraft:jungle_planks":4},"minecraft:broken":{"minecraft:stone_axe":1}},"DataVersion":3953}