{"stats":{"minecraft:dropped":{"minecraft:stone_sword":1,"minecraft:golden_pickaxe":1,"minecraft:diamond":9,"minecraft:feather":1,"minecraft:iron_boots":2,"minecraft:stick":1,"minecraft:spider_eye":1,"minecraft:stone_pickaxe":1,"minecraft:wooden_pickaxe":2,"minecraft:iron_pickaxe":1},"minecraft:custom":{"minecraft:interact_with_furnace":1,"minecraft:mob_kills":33,"minecraft:interact_with_crafting_table":8,"minecraft:bell_ring":24,"minecraft:leave_game":2,"minecraft:time_since_death":57009,"minecraft:sleep_in_bed":2,"minecraft:time_since_rest":37620,"minecraft:sprint_one_cm":172863,"minecraft:damage_taken":1416,"minecraft:walk_one_cm":116650,"minecraft:damage_blocked_by_shield":1910,"minecraft:drop":12,"minecraft:damage_dealt":6618,"minecraft:swim_one_cm":23488,"minecraft:fly_one_cm":151458,"minecraft:open_chest":3,"minecraft:crouch_one_cm":12587,"minecraft:play_time":57009,"minecraft:sneak_time":6112,"minecraft:walk_under_water_one_cm":5022,"minecraft:jump":1193,"minecraft:interact_with_blast_furnace":2,"minecraft:walk_on_water_one_cm":16666,"minecraft:total_world_time":57009,"minecraft:fall_one_cm":31750},"minecraft:crafted":{"minecraft:diamond_sword":1,"minecraft:spruce_planks":12,"minecraft:wooden_pickaxe":1,"minecraft:diamond_leggings":1,"minecraft:diamond_pickaxe":1,"minecraft:shield":1,"minecraft:stick":16,"minecraft:iron_pickaxe":1,"minecraft:stone_pickaxe":1,"minecraft:stone_sword":1},"minecraft:used":{"minecraft:stone_sword":64,"minecraft:stone_pickaxe":133,"minecraft:baked_potato":1,"minecraft:shield":31,"minecraft:spruce_planks":4,"minecraft:wooden_pickaxe":5,"minecraft:blue_bed":2,"minecraft:iron_chestplate":1,"minecraft:dirt":7,"minecraft:granite":34,"minecraft:diamond_pickaxe":118,"minecraft:apple":2,"minecraft:iron_pickaxe":63,"minecraft:iron_helmet":1,"minecraft:diamond_sword":58,"minecraft:cobblestone":5,"minecraft:sweet_berries":77,"minecraft:cooked_beef":8,"minecraft:cobbled_deepslate":38},"minecraft:killed":{"minecraft:spider":11,"minecraft:iron_golem":1,"minecraft:creeper":4,"minecraft:sheep":1,"minecraft:skeleton":6,"minecraft:zombie":10},"minecraft:picked_up":{"minecraft:feather":1,"minecraft:cooked_beef":8,"minecraft:andesite":14,"minecraft:golden_pickaxe":1,"minecraft:wooden_pickaxe":1,"minecraft:gunpowder":4,"minecraft:lapis_lazuli":36,"minecraft:string":5,"minecraft:blue_bed":3,"minecraft:dirt":15,"minecraft:bone":12,"minecraft:cobbled_deepslate":57,"minecraft:raw_gold":5,"minecraft:spruce_planks":9,"minecraft:iron_ingot":4,"minecraft:iron_boots":1,"minecraft:raw_iron":30,"minecraft:sweet_berries":83,"minecraft:torch":1,"minecraft:sand":2,"minecraft:blast_furnace":1,"minecraft:diorite":8,"minecraft:redstone":46,"minecraft:spider_eye":4,"minecraft:arrow":8,"minecraft:rotten_flesh":8,"minecraft:diamond":31,"minecraft:granite":36,"minecraft:baked_potato":8,"minecraft:mutton":2,"minecraft:white_wool":1,"minecraft:cobblestone":136},"minecraft:mined":{"minecraft:deepslate_redstone_ore":9,"minecraft:deepslate_diamond_ore":32,"minecraft:granite":35,"minecraft:blast_furnace":1,"minecraft:grass_block":6,"minecraft:cobblestone":5,"minecraft:spruce_leaves":4,"minecraft:deepslate_gold_ore":4,"minecraft:diorite":10,"minecraft:blue_bed":3,"minecraft:redstone_ore":1,"minecraft:cobbled_deepslate":3,"minecraft:iron_ore":12,"minecraft:sweet_berry_bush":22,"minecraft:andesite":6,"minecraft:deepslate_lapis_ore":5,"minecraft:dirt_path":3,"minecraft:deepslate_iron_ore":17,"minecraft:sand":2,"minecraft:dirt":6,"minecraft:stone":130,"minecraft:deepslate":38}},"DataVersion":3953}