{"stats":{"minecraft:custom":{"minecraft:interact_with_smithing_table":1,"minecraft:mob_kills":93,"minecraft:inspect_hopper":3,"minecraft:interact_with_crafting_table":93,"minecraft:bell_ring":45,"minecraft:leave_game":5,"minecraft:time_since_death":567653,"minecraft:climb_one_cm":33442,"minecraft:sprint_one_cm":1086960,"minecraft:damage_blocked_by_shield":2860,"minecraft:walk_one_cm":766064,"minecraft:drop":164,"minecraft:talked_to_villager":156,"minecraft:play_time":567653,"minecraft:sneak_time":31908,"minecraft:walk_under_water_one_cm":12829,"minecraft:boat_one_cm":312586,"minecraft:jump":6540,"minecraft:walk_on_water_one_cm":29171,"minecraft:total_world_time":567653,"minecraft:interact_with_furnace":18,"minecraft:traded_with_villager":264,"minecraft:sleep_in_bed":30,"minecraft:time_since_rest":4308,"minecraft:damage_taken":3332,"minecraft:damage_dealt":10425,"minecraft:swim_one_cm":25768,"minecraft:fly_one_cm":1354647,"minecraft:open_chest":227,"minecraft:crouch_one_cm":86968,"minecraft:fall_one_cm":139045},"minecraft:crafted":{"minecraft:golden_carrot":36,"minecraft:redstone":20,"minecraft:oak_planks":672,"minecraft:stone_shovel":12,"minecraft:oak_sign":9,"minecraft:furnace":3,"minecraft:stone":3,"minecraft:bone_meal":84,"minecraft:flint_and_steel":1,"minecraft:oak_trapdoor":26,"minecraft:glass":3,"minecraft:hopper":9,"minecraft:iron_boots":1,"minecraft:iron_axe":1,"minecraft:ladder":21,"minecraft:iron_hoe":1,"minecraft:ender_pearl":15,"minecraft:stone_pickaxe":1,"minecraft:chest":19,"minecraft:rail":160,"minecraft:stone_hoe":12,"minecraft:golden_boots":1,"minecraft:minecart":5,"minecraft:furnace_minecart":1,"minecraft:oak_slab":156,"minecraft:emerald":192,"minecraft:crafting_table":6,"minecraft:iron_helmet":1,"minecraft:wooden_pickaxe":1,"minecraft:iron_sword":1,"minecraft:smithing_table":1,"minecraft:bucket":1,"minecraft:brewing_stand":1,"minecraft:glowstone":8,"minecraft:stone_axe":3,"minecraft:air":0,"minecraft:jungle_planks":4,"minecraft:oak_fence_gate":4,"minecraft:oak_boat":7,"minecraft:iron_chestplate":1,"minecraft:diamond_pickaxe":1,"minecraft:shield":2,"minecraft:stick":156,"minecraft:iron_ingot":744,"minecraft:iron_pickaxe":2,"minecraft:iron_block":185,"minecraft:stone_sword":1,"minecraft:iron_shovel":4,"minecraft:iron_leggings":1,"minecraft:gold_ingot":6,"minecraft:white_bed":3,"minecraft:composter":2,"minecraft:lapis_lazuli":2},"minecraft:mined":{"minecraft:white_bed":43,"minecraft:farmland":1,"minecraft:nether_bricks":2,"minecraft:ladder":1,"minecraft:granite":1,"minecraft:grass_block":594,"minecraft:jungle_log":1,"minecraft:oxeye_daisy":1,"minecraft:composter":1,"minecraft:nether_wart":9,"minecraft:oak_wall_sign":2,"minecraft:oak_trapdoor":13,"minecraft:furnace":3,"minecraft:carrots":78,"minecraft:iron_ore":23,"minecraft:fire":4,"minecraft:bell":1,"minecraft:potatoes":1,"minecraft:pointed_dripstone":1,"minecraft:dirt_path":19,"minecraft:vine":1,"minecraft:rail":9,"minecraft:stone":159,"minecraft:smithing_table":4,"minecraft:oak_slab":8,"minecraft:blackstone":2,"minecraft:basalt":100,"minecraft:dandelion":3,"minecraft:crafting_table":17,"minecraft:torch":7,"minecraft:short_grass":84,"minecraft:melon":6,"minecraft:chest":2,"minecraft:tall_grass":2,"minecraft:cobblestone":26,"minecraft:lapis_ore":8,"minecraft:oak_planks":163,"minecraft:sugar_cane":5,"minecraft:wall_torch":5,"minecraft:diorite":20,"minecraft:wheat":4,"minecraft:yellow_bed":3,"minecraft:coal_ore":17,"minecraft:oak_log":210,"minecraft:oak_fence_gate":1,"minecraft:beetroots":2,"minecraft:gravel":17,"minecraft:dirt":233,"minecraft:sand":3,"minecraft:dripstone_block":1,"minecraft:gold_ore":6,"minecraft:oak_leaves":31,"minecraft:fern":1},"minecraft:picked_up":{"minecraft:crafting_table":16,"minecraft:smithing_table":4,"minecraft:chicken":1,"minecraft:ladder":10,"minecraft:nether_wart":9,"minecraft:leather_leggings":1,"minecraft:lead":2,"minecraft:diamond_sword":1,"minecraft:string":2,"minecraft:oak_trapdoor":12,"minecraft:oak_sign":2,"minecraft:diamond_leggings":1,"minecraft:beef":22,"minecraft:oak_boat":12,"minecraft:poppy":19,"minecraft:iron_pickaxe":1,"minecraft:minecart":6,"minecraft:melon_slice":31,"minecraft:sugar_cane":16,"minecraft:chest":2,"minecraft:furnace":3,"minecraft:egg":6,"minecraft:stick":3,"minecraft:raw_iron":23,"minecraft:stone":3,"minecraft:composter":1,"minecraft:torch":12,"minecraft:porkchop":14,"minecraft:pointed_dripstone":4,"minecraft:diorite":20,"minecraft:carrot":188,"minecraft:stone_sword":1,"minecraft:arrow":89,"minecraft:rotten_flesh":7,"minecraft:diamond_chestplate":1,"minecraft:beetroot_seeds":1,"minecraft:nether_bricks":2,"minecraft:diamond_boots":1,"minecraft:blaze_rod":11,"minecraft:mutton":17,"minecraft:rail":61,"minecraft:white_wool":10,"minecraft:cobblestone":190,"minecraft:oxeye_daisy":1,"minecraft:furnace_minecart":6,"minecraft:cooked_beef":17,"minecraft:leather_chestplate":1,"minecraft:feather":1,"minecraft:basalt":99,"minecraft:magma_cream":1,"minecraft:jungle_log":1,"minecraft:leather":7,"minecraft:potato":3,"minecraft:flint":1,"minecraft:oak_log":233,"minecraft:yellow_bed":8,"minecraft:lapis_lazuli":53,"minecraft:dirt":814,"minecraft:bone":24,"minecraft:bow":2,"minecraft:wheat_seeds":41,"minecraft:raw_gold":6,"minecraft:bell":1,"minecraft:iron_ingot":196,"minecraft:oak_fence_gate":1,"minecraft:diamond_helmet":1,"minecraft:iron_sword":1,"minecraft:oak_planks":164,"minecraft:soul_sand":3,"minecraft:oak_slab":9,"minecraft:dandelion":4,"minecraft:dripstone_block":1,"minecraft:gravel":13,"minecraft:lava_bucket":1,"minecraft:sand":3,"minecraft:white_bed":45,"minecraft:spider_eye":2,"minecraft:diamond":5,"minecraft:granite":2,"minecraft:crossbow":2,"minecraft:diamond_axe":1,"minecraft:gray_wool":1,"minecraft:bread":67,"minecraft:oak_sapling":4,"minecraft:coal":51,"minecraft:ender_pearl":1},"minecraft:broken":{"minecraft:iron_shovel":1,"minecraft:shield":1,"minecraft:stone_axe":2,"minecraft:stone_shovel":1},"minecraft:dropped":{"minecraft:stone_hoe":12,"minecraft:golden_boots":1,"minecraft:iron_ingot":44,"minecraft:iron_sword":1,"minecraft:oak_slab":10,"minecraft:porkchop":6,"minecraft:wheat_seeds":19,"minecraft:ender_pearl":1,"minecraft:dripstone_block":1,"minecraft:crossbow":2,"minecraft:iron_helmet":1,"minecraft:cobblestone":29,"minecraft:granite":2,"minecraft:grass_block":1,"minecraft:rail":54,"minecraft:emerald":12,"minecraft:stick":12,"minecraft:oxeye_daisy":1,"minecraft:dirt":87,"minecraft:gray_wool":1,"minecraft:diorite":20,"minecraft:mutton":3,"minecraft:melon_slice":19,"minecraft:iron_leggings":1,"minecraft:iron_axe":1,"minecraft:iron_pickaxe":3,"minecraft:iron_shovel":1,"minecraft:string":8,"minecraft:white_wool":1,"minecraft:dandelion":4,"minecraft:stone_axe":1,"minecraft:oak_trapdoor":1,"minecraft:stone_sword":2,"minecraft:wheat":2,"minecraft:pointed_dripstone":4,"minecraft:raw_iron":8,"minecraft:stone_shovel":11,"minecraft:rotten_flesh":7,"minecraft:iron_boots":1,"minecraft:oak_planks":9,"minecraft:iron_hoe":1,"minecraft:white_bed":2,"minecraft:carrot":61,"minecraft:flint_and_steel":1,"minecraft:poppy":579,"minecraft:leather_chestplate":1,"minecraft:iron_chestplate":1,"minecraft:beetroot_seeds":1,"minecraft:yellow_bed":2,"minecraft:oak_boat":8,"minecraft:oak_sapling":1,"minecraft:ladder":7,"minecraft:leather_leggings":1,"minecraft:spider_eye":2,"minecraft:stone_pickaxe":1,"minecraft:arrow":14,"minecraft:bow":1,"minecraft:glass":1,"minecraft:beef":13,"minecraft:wooden_pickaxe":1},"minecraft:killed":{"minecraft:spider":2,"minecraft:skeleton":11,"minecraft:chicken":1,"minecraft:magma_cube":17,"minecraft:pig":7,"minecraft:zombie_villager":1,"minecraft:iron_golem":1,"minecraft:wandering_trader":1,"minecraft:sheep":12,"minecraft:trader_llama":2,"minecraft:zombie":10,"minecraft:wither_skeleton":5,"minecraft:blaze":10,"minecraft:enderman":2,"minecraft:cow":10},"minecraft:used":{"minecraft:oak_trapdoor":35,"minecraft:stone_sword":1,"minecraft:iron_shovel":509,"minecraft:stone_shovel":246,"minecraft:ladder":24,"minecraft:oak_sign":11,"minecraft:chest":12,"minecraft:shield":50,"minecraft:iron_sword":39,"minecraft:bell":1,"minecraft:torch":12,"minecraft:brewing_stand":1,"minecraft:soul_sand":1,"minecraft:dirt":332,"minecraft:hopper":9,"minecraft:carrot":130,"minecraft:furnace_minecart":6,"minecraft:oak_fence_gate":5,"minecraft:iron_hoe":95,"minecraft:glass":2,"minecraft:lava_bucket":3,"minecraft:iron_axe":48,"minecraft:golden_carrot":2,"minecraft:bow":83,"minecraft:furnace":4,"minecraft:minecart":6,"minecraft:cooked_beef":17,"minecraft:potato":3,"minecraft:water_bucket":8,"minecraft:stone_pickaxe":41,"minecraft:oak_planks":255,"minecraft:wooden_pickaxe":6,"minecraft:diamond_axe":273,"minecraft:composter":3,"minecraft:rail":167,"minecraft:oak_slab":119,"minecraft:crafting_table":20,"minecraft:white_bed":48,"minecraft:oak_log":1,"minecraft:diamond_pickaxe":1,"minecraft:bread":73,"minecraft:melon_slice":12,"minecraft:iron_pickaxe":345,"minecraft:gravel":12,"minecraft:cobblestone":18,"minecraft:stone_axe":213,"minecraft:diamond_sword":58,"minecraft:smithing_table":5,"minecraft:bucket":11,"minecraft:yellow_bed":6,"minecraft:oak_boat":14,"minecraft:bone_meal":84}},"DataVersion":3953}