{"stats":{"minecraft:used":{"minecraft:iron_shovel":509,"minecraft:ladder":24,"minecraft:oak_sign":11,"minecraft:chest":12,"minecraft:shield":50,"minecraft:iron_sword":39,"minecraft:bell":1,"minecraft:soul_sand":1,"minecraft:carrot":130,"minecraft:furnace_minecart":7,"minecraft:glass":2,"minecraft:lava_bucket":7,"minecraft:bow":166,"minecraft:furnace":4,"minecraft:potato":3,"minecraft:stone_pickaxe":41,"minecraft:oak_planks":288,"minecraft:wooden_pickaxe":6,"minecraft:composter":3,"minecraft:diamond_axe":845,"minecraft:sugar_cane":1,"minecraft:bread":74,"minecraft:melon_slice":12,"minecraft:lectern":218,"minecraft:gravel":12,"minecraft:diamond_sword":112,"minecraft:smithing_table":5,"minecraft:oak_boat":16,"minecraft:bone_meal":84,"minecraft:oak_trapdoor":46,"minecraft:enchanting_table":1,"minecraft:stone_sword":1,"minecraft:stone_shovel":246,"minecraft:torch":13,"minecraft:brewing_stand":1,"minecraft:dirt":384,"minecraft:anvil":1,"minecraft:hopper":9,"minecraft:oak_fence_gate":5,"minecraft:iron_hoe":95,"minecraft:bookshelf":15,"minecraft:iron_axe":48,"minecraft:golden_carrot":19,"minecraft:minecart":8,"minecraft:cooked_beef":17,"minecraft:crimson_stem":10,"minecraft:water_bucket":24,"minecraft:rail":167,"minecraft:oak_slab":119,"minecraft:crafting_table":23,"minecraft:white_bed":61,"minecraft:oak_log":1,"minecraft:ender_eye":20,"minecraft:diamond_pickaxe":141,"minecraft:iron_pickaxe":345,"minecraft:stone_axe":213,"minecraft:cobblestone":20,"minecraft:bucket":31,"minecraft:yellow_bed":6},"minecraft:picked_up":{"minecraft:smithing_table":4,"minecraft:lead":2,"minecraft:diamond_sword":2,"minecraft:string":3,"minecraft:oak_sign":2,"minecraft:diamond_leggings":1,"minecraft:ender_eye":7,"minecraft:iron_pickaxe":1,"minecraft:melon_slice":31,"minecraft:furnace":3,"minecraft:stick":3,"minecraft:composter":1,"minecraft:torch":13,"minecraft:porkchop":14,"minecraft:pointed_dripstone":4,"minecraft:diorite":22,"minecraft:stone_sword":1,"minecraft:rotten_flesh":15,"minecraft:blaze_rod":11,"minecraft:obsidian":4,"minecraft:iron_bars":13,"minecraft:cobblestone":295,"minecraft:furnace_minecart":7,"minecraft:leather_chestplate":1,"minecraft:feather":1,"minecraft:cooked_beef":17,"minecraft:magma_cream":1,"minecraft:iron_door":2,"minecraft:jungle_log":1,"minecraft:potato":3,"minecraft:flint":1,"minecraft:dirt":853,"minecraft:lapis_lazuli":53,"minecraft:bone":27,"minecraft:bow":3,"minecraft:wheat_seeds":42,"minecraft:raw_gold":6,"minecraft:bell":1,"minecraft:diamond_helmet":1,"minecraft:oak_planks":178,"minecraft:sand":3,"minecraft:diamond":5,"minecraft:crossbow":2,"minecraft:granite":2,"minecraft:bread":67,"minecraft:oak_sapling":4,"minecraft:netherrack":2,"minecraft:crimson_roots":1,"minecraft:diamond_pickaxe":1,"minecraft:crafting_table":18,"minecraft:ladder":10,"minecraft:chicken":1,"minecraft:nether_wart":9,"minecraft:leather_leggings":1,"minecraft:oak_trapdoor":20,"minecraft:beef":22,"minecraft:oak_boat":13,"minecraft:poppy":19,"minecraft:lectern":215,"minecraft:minecart":8,"minecraft:sugar_cane":126,"minecraft:chest":2,"minecraft:egg":6,"minecraft:raw_iron":24,"minecraft:end_stone":5,"minecraft:stone":3,"minecraft:carrot":188,"minecraft:diamond_chestplate":2,"minecraft:arrow":89,"minecraft:weeping_vines":1,"minecraft:beetroot_seeds":1,"minecraft:nether_bricks":2,"minecraft:diamond_boots":1,"minecraft:mutton":17,"minecraft:rail":61,"minecraft:white_wool":10,"minecraft:oxeye_daisy":1,"minecraft:basalt":99,"minecraft:crimson_stem":308,"minecraft:leather":7,"minecraft:oak_log":233,"minecraft:yellow_bed":8,"minecraft:nether_wart_block":2,"minecraft:gunpowder":2,"minecraft:stone_bricks":3,"minecraft:iron_ingot":196,"minecraft:oak_fence_gate":1,"minecraft:iron_sword":1,"minecraft:soul_sand":3,"minecraft:oak_slab":9,"minecraft:emerald_block":11,"minecraft:dandelion":4,"minecraft:dripstone_block":1,"minecraft:lava_bucket":1,"minecraft:gravel":13,"minecraft:white_bed":58,"minecraft:dragon_egg":1,"minecraft:spider_eye":4,"minecraft:diamond_axe":1,"minecraft:gray_wool":1,"minecraft:coal":55,"minecraft:ender_pearl":3},"minecraft:dropped":{"minecraft:iron_sword":1,"minecraft:porkchop":6,"minecraft:lapis_lazuli":85,"minecraft:oak_log":8,"minecraft:ender_pearl":1,"minecraft:crossbow":2,"minecraft:rail":54,"minecraft:emerald":12,"minecraft:dirt":196,"minecraft:mutton":3,"minecraft:iron_pickaxe":3,"minecraft:white_wool":1,"minecraft:bone":3,"minecraft:stone_axe":1,"minecraft:wheat":2,"minecraft:pointed_dripstone":4,"minecraft:rotten_flesh":12,"minecraft:oak_planks":9,"minecraft:white_bed":2,"minecraft:carrot":61,"minecraft:poppy":579,"minecraft:leather_chestplate":1,"minecraft:beetroot_seeds":1,"minecraft:ladder":7,"minecraft:leather_leggings":1,"minecraft:arrow":14,"minecraft:glass":1,"minecraft:beef":13,"minecraft:iron_ingot":44,"minecraft:stone_hoe":12,"minecraft:golden_boots":1,"minecraft:oak_slab":10,"minecraft:wheat_seeds":20,"minecraft:dripstone_block":1,"minecraft:iron_helmet":1,"minecraft:cobblestone":55,"minecraft:granite":2,"minecraft:grass_block":1,"minecraft:coal":2,"minecraft:stick":12,"minecraft:oxeye_daisy":1,"minecraft:iron_block":25,"minecraft:gray_wool":1,"minecraft:diorite":22,"minecraft:golden_carrot":48,"minecraft:melon_slice":19,"minecraft:iron_door":2,"minecraft:iron_leggings":1,"minecraft:iron_axe":1,"minecraft:iron_shovel":1,"minecraft:string":9,"minecraft:dandelion":4,"minecraft:oak_trapdoor":1,"minecraft:stone_sword":2,"minecraft:raw_iron":9,"minecraft:stone_shovel":11,"minecraft:iron_boots":1,"minecraft:iron_hoe":1,"minecraft:ender_eye":1,"minecraft:flint_and_steel":1,"minecraft:diamond_sword":1,"minecraft:diamond_chestplate":1,"minecraft:diamond_pickaxe":1,"minecraft:dragon_egg":1,"minecraft:iron_chestplate":1,"minecraft:yellow_bed":2,"minecraft:oak_sapling":1,"minecraft:oak_boat":8,"minecraft:stone_bricks":3,"minecraft:spider_eye":4,"minecraft:bow":2,"minecraft:stone_pickaxe":1,"minecraft:wooden_pickaxe":1},"minecraft:killed":{"minecraft:spider":4,"minecraft:skeleton":12,"minecraft:chicken":1,"minecraft:magma_cube":17,"minecraft:pig":8,"minecraft:zombie_villager":1,"minecraft:iron_golem":1,"minecraft:creeper":2,"minecraft:sheep":12,"minecraft:trader_llama":2,"minecraft:zombie":15,"minecraft:blaze":10,"minecraft:cow":10,"minecraft:drowned":1,"minecraft:wandering_trader":1,"minecraft:wither_skeleton":5,"minecraft:enderman":2},"minecraft:custom":{"minecraft:interact_with_crafting_table":116,"minecraft:bell_ring":63,"minecraft:leave_game":8,"minecraft:time_since_death":748586,"minecraft:sprint_one_cm":1394591,"minecraft:damage_blocked_by_shield":2860,"minecraft:drop":190,"minecraft:talked_to_villager":507,"minecraft:play_time":749714,"minecraft:jump":8725,"minecraft:walk_on_water_one_cm":77245,"minecraft:enchant_item":13,"minecraft:interact_with_furnace":18,"minecraft:traded_with_villager":595,"minecraft:sleep_in_bed":40,"minecraft:damage_dealt":11771,"minecraft:crouch_one_cm":99933,"minecraft:interact_with_smithing_table":2,"minecraft:interact_with_anvil":1,"minecraft:mob_kills":105,"minecraft:inspect_hopper":3,"minecraft:climb_one_cm":40714,"minecraft:walk_one_cm":1024587,"minecraft:sneak_time":39140,"minecraft:walk_under_water_one_cm":18958,"minecraft:boat_one_cm":381654,"minecraft:total_world_time":749714,"minecraft:interact_with_grindstone":12,"minecraft:time_since_rest":8677,"minecraft:damage_taken":4354,"minecraft:swim_one_cm":42286,"minecraft:fly_one_cm":2474616,"minecraft:open_chest":339,"minecraft:fall_one_cm":193109},"minecraft:mined":{"minecraft:white_bed":56,"minecraft:farmland":1,"minecraft:obsidian":6,"minecraft:granite":1,"minecraft:grass_block":599,"minecraft:jungle_log":1,"minecraft:composter":1,"minecraft:oak_wall_sign":2,"minecraft:nether_wart":9,"minecraft:oxeye_daisy":1,"minecraft:spawner":1,"minecraft:weeping_vines_plant":2,"minecraft:iron_ore":23,"minecraft:fire":8,"minecraft:pointed_dripstone":1,"minecraft:dirt_path":19,"minecraft:blackstone":2,"minecraft:crimson_nylium":1,"minecraft:torch":7,"minecraft:melon":6,"minecraft:chest":2,"minecraft:cobblestone":27,"minecraft:sugar_cane":63,"minecraft:oak_planks":177,"minecraft:iron_door":2,"minecraft:wall_torch":7,"minecraft:nether_wart_block":2,"minecraft:wheat":4,"minecraft:oak_log":210,"minecraft:beetroots":2,"minecraft:oak_fence_gate":1,"minecraft:sand":3,"minecraft:dirt":264,"minecraft:netherrack":2,"minecraft:oak_leaves":34,"minecraft:end_stone":5,"minecraft:ladder":1,"minecraft:nether_bricks":2,"minecraft:crimson_roots":2,"minecraft:crimson_stem":325,"minecraft:oak_trapdoor":20,"minecraft:furnace":3,"minecraft:carrots":78,"minecraft:bell":1,"minecraft:potatoes":1,"minecraft:vine":1,"minecraft:rail":9,"minecraft:stone":260,"minecraft:smithing_table":4,"minecraft:oak_slab":8,"minecraft:basalt":100,"minecraft:dandelion":3,"minecraft:crafting_table":19,"minecraft:short_grass":93,"minecraft:lectern":215,"minecraft:tall_grass":7,"minecraft:lapis_ore":8,"minecraft:diorite":23,"minecraft:yellow_bed":3,"minecraft:coal_ore":21,"minecraft:gravel":17,"minecraft:dripstone_block":1,"minecraft:cobweb":1,"minecraft:stone_bricks":3,"minecraft:gold_ore":6,"minecraft:fern":1},"minecraft:crafted":{"minecraft:oak_planks":896,"minecraft:oak_sign":9,"minecraft:blaze_powder":14,"minecraft:stone":3,"minecraft:bookshelf":18,"minecraft:hopper":9,"minecraft:glass":3,"minecraft:iron_boots":1,"minecraft:chest":19,"minecraft:rail":160,"minecraft:stone_hoe":12,"minecraft:ender_eye":14,"minecraft:golden_boots":1,"minecraft:furnace_minecart":1,"minecraft:oak_slab":168,"minecraft:arrow":64,"minecraft:emerald":741,"minecraft:crafting_table":7,"minecraft:wooden_pickaxe":1,"minecraft:iron_helmet":1,"minecraft:smithing_table":1,"minecraft:brewing_stand":1,"minecraft:lectern":3,"minecraft:iron_chestplate":1,"minecraft:book":54,"minecraft:paper":216,"minecraft:diamond_pickaxe":2,"minecraft:emerald_block":36,"minecraft:shield":2,"minecraft:stick":156,"minecraft:iron_ingot":1995,"minecraft:iron_pickaxe":2,"minecraft:iron_block":244,"minecraft:stone_sword":1,"minecraft:gold_ingot":6,"minecraft:composter":2,"minecraft:golden_carrot":108,"minecraft:redstone":20,"minecraft:stone_shovel":12,"minecraft:furnace":3,"minecraft:bone_meal":84,"minecraft:oak_trapdoor":30,"minecraft:flint_and_steel":1,"minecraft:iron_axe":1,"minecraft:ladder":21,"minecraft:iron_hoe":1,"minecraft:ender_pearl":15,"minecraft:stone_pickaxe":1,"minecraft:minecart":5,"minecraft:sugar":24,"minecraft:enchanting_table":1,"minecraft:iron_sword":1,"minecraft:bucket":1,"minecraft:stone_axe":3,"minecraft:glowstone":8,"minecraft:enchanted_book":2,"minecraft:air":0,"minecraft:jungle_planks":4,"minecraft:oak_fence_gate":4,"minecraft:oak_boat":8,"minecraft:iron_shovel":4,"minecraft:iron_leggings":1,"minecraft:anvil":1,"minecraft:white_bed":3,"minecraft:lapis_lazuli":14},"minecraft:broken":{"minecraft:iron_shovel":1,"minecraft:stone_axe":2,"minecraft:stone_shovel":1,"minecraft:shield":1}},"DataVersion":3953}