{"stats":{"minecraft:dropped":{"minecraft:iron_sword":1,"minecraft:porkchop":12,"minecraft:lapis_lazuli":85,"minecraft:oak_log":8,"minecraft:ender_pearl":1,"minecraft:crossbow":2,"minecraft:weeping_vines":1,"minecraft:rail":54,"minecraft:flint":10,"minecraft:emerald":12,"minecraft:dirt":196,"minecraft:dispenser":4,"minecraft:mutton":3,"minecraft:crimson_roots":4,"minecraft:iron_pickaxe":3,"minecraft:white_wool":1,"minecraft:bone":3,"minecraft:stone_axe":1,"minecraft:wheat":2,"minecraft:pointed_dripstone":4,"minecraft:rotten_flesh":12,"minecraft:oak_planks":15,"minecraft:white_bed":2,"minecraft:carrot":61,"minecraft:poppy":579,"minecraft:leather_chestplate":1,"minecraft:beetroot_seeds":1,"minecraft:ladder":7,"minecraft:leather_leggings":1,"minecraft:arrow":14,"minecraft:glass":1,"minecraft:beef":13,"minecraft:stone_hoe":12,"minecraft:golden_boots":1,"minecraft:iron_ingot":44,"minecraft:oak_slab":10,"minecraft:wheat_seeds":20,"minecraft:dripstone_block":1,"minecraft:iron_helmet":1,"minecraft:cobblestone":55,"minecraft:granite":2,"minecraft:grass_block":1,"minecraft:coal":2,"minecraft:stick":12,"minecraft:oxeye_daisy":1,"minecraft:iron_block":25,"minecraft:gray_wool":1,"minecraft:diorite":22,"minecraft:golden_carrot":48,"minecraft:melon_slice":19,"minecraft:iron_door":2,"minecraft:iron_leggings":1,"minecraft:iron_axe":1,"minecraft:iron_shovel":1,"minecraft:string":9,"minecraft:dandelion":4,"minecraft:oak_trapdoor":1,"minecraft:stone_sword":2,"minecraft:raw_copper":2,"minecraft:raw_iron":9,"minecraft:stone_shovel":11,"minecraft:iron_boots":1,"minecraft:iron_hoe":1,"minecraft:ender_eye":1,"minecraft:flint_and_steel":1,"minecraft:diamond_sword":1,"minecraft:diamond_chestplate":1,"minecraft:diamond_pickaxe":1,"minecraft:dragon_egg":1,"minecraft:iron_chestplate":1,"minecraft:yellow_bed":2,"minecraft:oak_sapling":1,"minecraft:oak_boat":8,"minecraft:spider_eye":4,"minecraft:stone_bricks":3,"minecraft:bow":60,"minecraft:stone_pickaxe":1,"minecraft:wooden_pickaxe":1},"minecraft:broken":{"minecraft:iron_shovel":1,"minecraft:stone_axe":2,"minecraft:stone_shovel":1,"minecraft:shield":1},"minecraft:used":{"minecraft:iron_shovel":509,"minecraft:ladder":24,"minecraft:oak_sign":11,"minecraft:chest":20,"minecraft:shield":50,"minecraft:iron_sword":39,"minecraft:bell":1,"minecraft:soul_sand":1,"minecraft:carrot":130,"minecraft:furnace_minecart":7,"minecraft:glass":2,"minecraft:lava_bucket":11,"minecraft:bow":189,"minecraft:furnace":4,"minecraft:potato":3,"minecraft:stone_pickaxe":41,"minecraft:oak_planks":288,"minecraft:wooden_pickaxe":6,"minecraft:composter":3,"minecraft:sugar_cane":1,"minecraft:diamond_axe":1816,"minecraft:melon_slice":12,"minecraft:bread":74,"minecraft:lectern":234,"minecraft:gravel":12,"minecraft:diamond_sword":178,"minecraft:smithing_table":5,"minecraft:oak_boat":16,"minecraft:bone_meal":84,"minecraft:oak_trapdoor":46,"minecraft:enchanting_table":1,"minecraft:stone_sword":1,"minecraft:stone_shovel":246,"minecraft:netherrack":64,"minecraft:torch":13,"minecraft:dragon_egg":1,"minecraft:brewing_stand":1,"minecraft:dirt":396,"minecraft:anvil":1,"minecraft:hopper":9,"minecraft:oak_fence_gate":5,"minecraft:iron_hoe":95,"minecraft:bookshelf":15,"minecraft:iron_axe":48,"minecraft:golden_carrot":29,"minecraft:minecart":8,"minecraft:cooked_beef":17,"minecraft:crimson_stem":12,"minecraft:water_bucket":25,"minecraft:rail":167,"minecraft:oak_slab":119,"minecraft:crafting_table":23,"minecraft:white_bed":65,"minecraft:oak_log":1,"minecraft:ender_eye":20,"minecraft:diamond_pickaxe":849,"minecraft:iron_pickaxe":345,"minecraft:stone_axe":213,"minecraft:cobblestone":22,"minecraft:bucket":36,"minecraft:yellow_bed":6},"minecraft:custom":{"minecraft:interact_with_crafting_table":131,"minecraft:bell_ring":67,"minecraft:leave_game":10,"minecraft:time_since_death":830218,"minecraft:sprint_one_cm":1561604,"minecraft:damage_blocked_by_shield":2860,"minecraft:drop":260,"minecraft:talked_to_villager":548,"minecraft:play_time":831346,"minecraft:jump":10255,"minecraft:walk_on_water_one_cm":77245,"minecraft:enchant_item":14,"minecraft:interact_with_furnace":18,"minecraft:traded_with_villager":737,"minecraft:sleep_in_bed":44,"minecraft:damage_dealt":14098,"minecraft:crouch_one_cm":117604,"minecraft:interact_with_smithing_table":2,"minecraft:mob_kills":121,"minecraft:interact_with_anvil":7,"minecraft:inspect_hopper":3,"minecraft:climb_one_cm":49669,"minecraft:walk_one_cm":1145145,"minecraft:sneak_time":49476,"minecraft:walk_under_water_one_cm":18958,"minecraft:boat_one_cm":381654,"minecraft:total_world_time":831346,"minecraft:interact_with_grindstone":13,"minecraft:time_since_rest":26928,"minecraft:damage_taken":4868,"minecraft:swim_one_cm":42286,"minecraft:fly_one_cm":2688824,"minecraft:open_chest":457,"minecraft:fall_one_cm":226902},"minecraft:mined":{"minecraft:white_bed":60,"minecraft:farmland":1,"minecraft:obsidian":6,"minecraft:granite":45,"minecraft:grass_block":610,"minecraft:jungle_log":1,"minecraft:composter":1,"minecraft:oak_wall_sign":2,"minecraft:nether_wart":9,"minecraft:oxeye_daisy":1,"minecraft:spawner":1,"minecraft:weeping_vines_plant":10,"minecraft:iron_ore":24,"minecraft:fire":27,"minecraft:deepslate_lapis_ore":2,"minecraft:pointed_dripstone":1,"minecraft:dirt_path":19,"minecraft:deepslate_redstone_ore":4,"minecraft:blackstone":2,"minecraft:crimson_nylium":6,"minecraft:torch":7,"minecraft:melon":6,"minecraft:chest":4,"minecraft:nether_quartz_ore":46,"minecraft:cobblestone":27,"minecraft:sugar_cane":63,"minecraft:oak_planks":177,"minecraft:iron_door":2,"minecraft:wall_torch":7,"minecraft:nether_wart_block":4,"minecraft:wheat":4,"minecraft:oak_log":210,"minecraft:beetroots":2,"minecraft:oak_fence_gate":1,"minecraft:sand":3,"minecraft:dirt":301,"minecraft:netherrack":117,"minecraft:oak_leaves":34,"minecraft:deepslate":161,"minecraft:end_stone":5,"minecraft:ladder":1,"minecraft:nether_bricks":2,"minecraft:crimson_roots":9,"minecraft:weeping_vines":1,"minecraft:crimson_stem":1266,"minecraft:redstone_ore":8,"minecraft:oak_trapdoor":20,"minecraft:furnace":3,"minecraft:carrots":78,"minecraft:andesite":10,"minecraft:bell":1,"minecraft:potatoes":1,"minecraft:vine":1,"minecraft:rail":9,"minecraft:stone":506,"minecraft:smithing_table":4,"minecraft:oak_slab":8,"minecraft:basalt":100,"minecraft:dandelion":3,"minecraft:crafting_table":19,"minecraft:short_grass":96,"minecraft:lectern":230,"minecraft:tall_grass":7,"minecraft:copper_ore":1,"minecraft:lapis_ore":8,"minecraft:diorite":59,"minecraft:yellow_bed":3,"minecraft:coal_ore":24,"minecraft:gravel":26,"minecraft:dripstone_block":1,"minecraft:cobweb":1,"minecraft:stone_bricks":3,"minecraft:gold_ore":6,"minecraft:fern":1},"minecraft:picked_up":{"minecraft:smithing_table":4,"minecraft:lead":2,"minecraft:diamond_sword":2,"minecraft:string":4,"minecraft:raw_copper":2,"minecraft:oak_sign":2,"minecraft:diamond_leggings":1,"minecraft:cobbled_deepslate":161,"minecraft:ender_eye":7,"minecraft:iron_pickaxe":1,"minecraft:melon_slice":31,"minecraft:furnace":3,"minecraft:stick":3,"minecraft:composter":1,"minecraft:torch":13,"minecraft:porkchop":26,"minecraft:pointed_dripstone":4,"minecraft:diorite":58,"minecraft:stone_sword":1,"minecraft:rotten_flesh":16,"minecraft:blaze_rod":11,"minecraft:obsidian":4,"minecraft:iron_bars":13,"minecraft:cobblestone":541,"minecraft:furnace_minecart":7,"minecraft:leather_chestplate":1,"minecraft:feather":1,"minecraft:cooked_beef":17,"minecraft:magma_cream":1,"minecraft:andesite":10,"minecraft:iron_door":2,"minecraft:jungle_log":1,"minecraft:potato":3,"minecraft:flint":11,"minecraft:lapis_lazuli":66,"minecraft:dirt":900,"minecraft:bone":31,"minecraft:bow":61,"minecraft:wheat_seeds":42,"minecraft:raw_gold":6,"minecraft:bell":1,"minecraft:diamond_helmet":1,"minecraft:oak_planks":181,"minecraft:cooked_porkchop":11,"minecraft:sand":3,"minecraft:dispenser":4,"minecraft:diamond":5,"minecraft:crossbow":2,"minecraft:granite":46,"minecraft:bread":67,"minecraft:oak_sapling":4,"minecraft:netherrack":111,"minecraft:crimson_roots":12,"minecraft:diamond_pickaxe":1,"minecraft:crafting_table":18,"minecraft:ladder":10,"minecraft:chicken":1,"minecraft:nether_wart":9,"minecraft:leather_leggings":1,"minecraft:oak_trapdoor":20,"minecraft:beef":22,"minecraft:oak_boat":13,"minecraft:poppy":19,"minecraft:minecart":8,"minecraft:lectern":231,"minecraft:sugar_cane":126,"minecraft:chest":4,"minecraft:egg":6,"minecraft:raw_iron":27,"minecraft:end_stone":5,"minecraft:stone":3,"minecraft:carrot":188,"minecraft:redstone":68,"minecraft:diamond_chestplate":2,"minecraft:arrow":93,"minecraft:weeping_vines":11,"minecraft:beetroot_seeds":1,"minecraft:nether_bricks":2,"minecraft:diamond_boots":1,"minecraft:mutton":17,"minecraft:rail":61,"minecraft:white_wool":10,"minecraft:oxeye_daisy":1,"minecraft:basalt":99,"minecraft:crimson_stem":1223,"minecraft:leather":17,"minecraft:oak_log":233,"minecraft:yellow_bed":8,"minecraft:nether_wart_block":4,"minecraft:gunpowder":2,"minecraft:stone_bricks":3,"minecraft:oak_fence_gate":1,"minecraft:iron_ingot":196,"minecraft:iron_sword":1,"minecraft:soul_sand":3,"minecraft:oak_slab":9,"minecraft:emerald_block":11,"minecraft:quartz":109,"minecraft:dandelion":4,"minecraft:dripstone_block":1,"minecraft:gravel":18,"minecraft:lava_bucket":1,"minecraft:white_bed":62,"minecraft:dragon_egg":2,"minecraft:spider_eye":7,"minecraft:diamond_axe":1,"minecraft:gray_wool":1,"minecraft:coal":66,"minecraft:ender_pearl":3},"minecraft:crafted":{"minecraft:oak_planks":896,"minecraft:oak_sign":9,"minecraft:blaze_powder":14,"minecraft:stone":3,"minecraft:bookshelf":18,"minecraft:glass":3,"minecraft:hopper":9,"minecraft:bow":37,"minecraft:iron_boots":1,"minecraft:chest":25,"minecraft:rail":160,"minecraft:stone_hoe":12,"minecraft:ender_eye":14,"minecraft:golden_boots":1,"minecraft:furnace_minecart":1,"minecraft:oak_slab":168,"minecraft:emerald":813,"minecraft:arrow":128,"minecraft:crafting_table":7,"minecraft:wooden_pickaxe":1,"minecraft:iron_helmet":1,"minecraft:smithing_table":1,"minecraft:brewing_stand":1,"minecraft:dispenser":37,"minecraft:lectern":3,"minecraft:iron_chestplate":1,"minecraft:book":54,"minecraft:paper":216,"minecraft:diamond_pickaxe":2,"minecraft:emerald_block":41,"minecraft:shield":2,"minecraft:stick":156,"minecraft:iron_ingot":2634,"minecraft:iron_pickaxe":2,"minecraft:iron_block":338,"minecraft:stone_sword":1,"minecraft:gold_ingot":6,"minecraft:composter":2,"minecraft:golden_carrot":108,"minecraft:redstone":68,"minecraft:stone_shovel":12,"minecraft:furnace":3,"minecraft:bone_meal":84,"minecraft:oak_trapdoor":30,"minecraft:flint_and_steel":1,"minecraft:iron_axe":1,"minecraft:ladder":21,"minecraft:iron_hoe":1,"minecraft:ender_pearl":15,"minecraft:stone_pickaxe":1,"minecraft:minecart":5,"minecraft:observer":32,"minecraft:sugar":24,"minecraft:crimson_planks":2160,"minecraft:enchanting_table":1,"minecraft:iron_sword":1,"minecraft:bucket":1,"minecraft:stone_axe":3,"minecraft:glowstone":8,"minecraft:enchanted_book":4,"minecraft:air":0,"minecraft:jungle_planks":4,"minecraft:oak_fence_gate":4,"minecraft:oak_boat":8,"minecraft:iron_shovel":4,"minecraft:iron_leggings":1,"minecraft:anvil":1,"minecraft:white_bed":3,"minecraft:lapis_lazuli":17},"minecraft:killed":{"minecraft:spider":5,"minecraft:skeleton":13,"minecraft:chicken":1,"minecraft:magma_cube":17,"minecraft:pig":8,"minecraft:zombie_villager":1,"minecraft:iron_golem":1,"minecraft:creeper":2,"minecraft:sheep":12,"minecraft:trader_llama":2,"minecraft:zombie":16,"minecraft:ghast":3,"minecraft:cow":10,"minecraft:blaze":10,"minecraft:drowned":1,"minecraft:wandering_trader":1,"minecraft:hoglin":6,"minecraft:wither_skeleton":5,"minecraft:enderman":2}},"DataVersion":3953}