{"stats":{"minecraft:used":{"minecraft:stone_sword":64,"minecraft:iron_shovel":72,"minecraft:flint_and_steel":1,"minecraft:spruce_planks":114,"minecraft:chest":8,"minecraft:shield":61,"minecraft:stone_hoe":76,"minecraft:iron_chestplate":1,"minecraft:dirt":43,"minecraft:granite":34,"minecraft:obsidian":10,"minecraft:spruce_boat":1,"minecraft:lava_bucket":2,"minecraft:iron_axe":139,"minecraft:iron_helmet":1,"minecraft:bow":13,"minecraft:sweet_berries":117,"minecraft:furnace":3,"minecraft:cooked_beef":8,"minecraft:cobbled_deepslate":39,"minecraft:water_bucket":7,"minecraft:stone_pickaxe":133,"minecraft:baked_potato":4,"minecraft:wooden_pickaxe":5,"minecraft:composter":4,"minecraft:blue_bed":9,"minecraft:crafting_table":2,"minecraft:blast_furnace":3,"minecraft:spruce_log":4,"minecraft:smoker":1,"minecraft:diamond_pickaxe":190,"minecraft:apple":2,"minecraft:iron_pickaxe":63,"minecraft:spruce_trapdoor":4,"minecraft:gravel":14,"minecraft:diamond_sword":174,"minecraft:cobblestone":5,"minecraft:purple_bed":6,"minecraft:cooked_porkchop":14,"minecraft:bucket":10},"minecraft:picked_up":{"minecraft:crafting_table":2,"minecraft:chicken":2,"minecraft:golden_pickaxe":1,"minecraft:wooden_pickaxe":1,"minecraft:string":9,"minecraft:cobbled_deepslate":57,"minecraft:spruce_planks":30,"minecraft:beef":26,"minecraft:chest":2,"minecraft:egg":1,"minecraft:spruce_trapdoor":22,"minecraft:iron_boots":1,"minecraft:furnace":1,"minecraft:raw_iron":30,"minecraft:composter":5,"minecraft:torch":1,"minecraft:porkchop":40,"minecraft:diorite":8,"minecraft:redstone":54,"minecraft:golden_chestplate":1,"minecraft:arrow":27,"minecraft:rotten_flesh":12,"minecraft:mutton":8,"minecraft:obsidian":12,"minecraft:white_wool":4,"minecraft:cobblestone":153,"minecraft:feather":4,"minecraft:cooked_beef":8,"minecraft:andesite":14,"minecraft:leather":5,"minecraft:brown_wool":2,"minecraft:golden_leggings":1,"minecraft:smoker":1,"minecraft:flint":1,"minecraft:gunpowder":7,"minecraft:lapis_lazuli":36,"minecraft:dirt":73,"minecraft:blue_bed":9,"minecraft:bone":19,"minecraft:bow":2,"minecraft:wheat_seeds":4,"minecraft:raw_gold":5,"minecraft:iron_ingot":4,"minecraft:grindstone":1,"minecraft:soul_sand":1,"minecraft:sweet_berries":110,"minecraft:gravel":14,"minecraft:sand":130,"minecraft:spruce_sapling":6,"minecraft:blast_furnace":3,"minecraft:grass_block":1,"minecraft:spruce_log":69,"minecraft:spider_eye":7,"minecraft:purple_bed":7,"minecraft:spruce_boat":1,"minecraft:diamond":31,"minecraft:granite":36,"minecraft:baked_potato":8,"minecraft:coal":101,"minecraft:ender_pearl":2},"minecraft:dropped":{"minecraft:wheat_seeds":2,"minecraft:golden_pickaxe":1,"minecraft:diamond":9,"minecraft:cooked_porkchop":6,"minecraft:iron_helmet":1,"minecraft:feather":1,"minecraft:cobblestone":1,"minecraft:stick":1,"minecraft:dirt":2,"minecraft:brown_wool":1,"minecraft:iron_pickaxe":1,"minecraft:stone_sword":1,"minecraft:iron_boots":2,"minecraft:spider_eye":1,"minecraft:stone_pickaxe":1,"minecraft:wooden_pickaxe":2},"minecraft:killed":{"minecraft:witch":1,"minecraft:spider":14,"minecraft:skeleton":13,"minecraft:chicken":3,"minecraft:drowned":1,"minecraft:pig":23,"minecraft:iron_golem":1,"minecraft:creeper":10,"minecraft:sheep":5,"minecraft:zombie":12,"minecraft:enderman":2,"minecraft:cow":11},"minecraft:custom":{"minecraft:mob_kills":96,"minecraft:interact_with_crafting_table":23,"minecraft:bell_ring":176,"minecraft:leave_game":2,"minecraft:time_since_death":0,"minecraft:sprint_one_cm":531454,"minecraft:walk_one_cm":305161,"minecraft:damage_blocked_by_shield":3890,"minecraft:drop":25,"minecraft:talked_to_villager":8,"minecraft:play_time":152843,"minecraft:deaths":1,"minecraft:sneak_time":10507,"minecraft:walk_under_water_one_cm":9192,"minecraft:jump":2821,"minecraft:interact_with_blast_furnace":13,"minecraft:walk_on_water_one_cm":27559,"minecraft:total_world_time":152843,"minecraft:interact_with_furnace":13,"minecraft:sleep_in_bed":8,"minecraft:time_since_rest":1196,"minecraft:damage_taken":2813,"minecraft:damage_dealt":14446,"minecraft:swim_one_cm":50934,"minecraft:fly_one_cm":445397,"minecraft:open_chest":60,"minecraft:crouch_one_cm":25439,"minecraft:interact_with_smoker":9,"minecraft:fall_one_cm":69895},"minecraft:mined":{"minecraft:spruce_planks":21,"minecraft:deepslate_diamond_ore":32,"minecraft:obsidian":12,"minecraft:spruce_trapdoor":22,"minecraft:granite":35,"minecraft:grass_block":36,"minecraft:spruce_leaves":21,"minecraft:composter":5,"minecraft:large_fern":2,"minecraft:redstone_ore":1,"minecraft:furnace":1,"minecraft:iron_ore":12,"minecraft:cobbled_deepslate":3,"minecraft:andesite":6,"minecraft:deepslate_lapis_ore":5,"minecraft:dirt_path":11,"minecraft:deepslate_iron_ore":17,"minecraft:stone":137,"minecraft:deepslate_redstone_ore":9,"minecraft:soul_sand":1,"minecraft:smoker":1,"minecraft:soul_fire":1,"minecraft:crafting_table":2,"minecraft:short_grass":4,"minecraft:blast_furnace":3,"minecraft:chest":2,"minecraft:cobblestone":15,"minecraft:deepslate_gold_ore":4,"minecraft:grindstone":1,"minecraft:diorite":10,"minecraft:blue_bed":10,"minecraft:purple_bed":6,"minecraft:sweet_berry_bush":24,"minecraft:spruce_log":70,"minecraft:coal_ore":38,"minecraft:dirt":34,"minecraft:sand":2,"minecraft:gravel":15,"minecraft:deepslate":38,"minecraft:fern":4},"minecraft:killed_by":{"minecraft:zombie":1},"minecraft:crafted":{"minecraft:furnace":2,"minecraft:flint_and_steel":1,"minecraft:diamond_leggings":1,"minecraft:iron_axe":1,"minecraft:stone_pickaxe":1,"minecraft:chest":6,"minecraft:spruce_boat":1,"minecraft:stone_hoe":1,"minecraft:golden_boots":1,"minecraft:diamond_sword":1,"minecraft:cooked_porkchop":25,"minecraft:crafting_table":1,"minecraft:spruce_planks":232,"minecraft:wooden_pickaxe":1,"minecraft:bucket":1,"minecraft:air":0,"minecraft:diamond_pickaxe":1,"minecraft:shield":2,"minecraft:stick":24,"minecraft:iron_ingot":30,"minecraft:iron_pickaxe":1,"minecraft:stone_sword":1,"minecraft:iron_shovel":1,"minecraft:gold_ingot":4},"minecraft:broken":{"minecraft:shield":1}},"DataVersion":3953}