{"stats":{"minecraft:used":{"minecraft:stone_pickaxe":26,"minecraft:wooden_pickaxe":4,"minecraft:stone_axe":16,"minecraft:crafting_table":3,"minecraft:furnace":1},"minecraft:picked_up":{"minecraft:stick":1,"minecraft:crafting_table":2,"minecraft:feather":8,"minecraft:chicken":8,"minecraft:jungle_log":1,"minecraft:oak_log":2,"minecraft:dirt":10,"minecraft:beef":3,"minecraft:gray_wool":1,"minecraft:black_wool":1,"minecraft:mutton":5,"minecraft:coal":8,"minecraft:white_wool":2,"minecraft:cobblestone":20},"minecraft:killed":{"minecraft:sheep":4,"minecraft:chicken":8,"minecraft:cow":2},"minecraft:custom":{"minecraft:time_since_rest":5598,"minecraft:interact_with_furnace":1,"minecraft:sprint_one_cm":10929,"minecraft:damage_taken":60,"minecraft:walk_one_cm":15336,"minecraft:mob_kills":14,"minecraft:damage_dealt":840,"minecraft:interact_with_crafting_table":4,"minecraft:fly_one_cm":21090,"minecraft:crouch_one_cm":2298,"minecraft:play_time":5598,"minecraft:sneak_time":1069,"minecraft:jump":138,"minecraft:time_since_death":5598,"minecraft:total_world_time":5598,"minecraft:climb_one_cm":99,"minecraft:fall_one_cm":3559},"minecraft:mined":{"minecraft:crafting_table":2,"minecraft:short_grass":1,"minecraft:coal_ore":8,"minecraft:grass_block":2,"minecraft:oak_log":2,"minecraft:jungle_log":1,"minecraft:dirt":8,"minecraft:stone":20,"minecraft:oak_leaves":3},"minecraft:crafted":{"minecraft:oak_planks":8,"minecraft:crafting_table":1,"minecraft:stick":8,"minecraft:wooden_pickaxe":1,"minecraft:stone_pickaxe":1,"minecraft:furnace":1,"minecraft:stone_axe":1,"minecraft:jungle_planks":4}},"DataVersion":3953}