{"stats":{"minecraft:dropped":{"minecraft:iron_ingot":44,"minecraft:oak_slab":10,"minecraft:porkchop":6,"minecraft:wheat_seeds":14,"minecraft:ender_pearl":1,"minecraft:iron_helmet":1,"minecraft:cobblestone":17,"minecraft:granite":2,"minecraft:rail":48,"minecraft:stick":2,"minecraft:emerald":12,"minecraft:oxeye_daisy":1,"minecraft:dirt":67,"minecraft:gray_wool":1,"minecraft:diorite":20,"minecraft:mutton":3,"minecraft:iron_leggings":1,"minecraft:iron_axe":1,"minecraft:iron_shovel":1,"minecraft:string":4,"minecraft:white_wool":1,"minecraft:dandelion":4,"minecraft:stone_axe":1,"minecraft:stone_sword":1,"minecraft:stone_shovel":1,"minecraft:raw_iron":8,"minecraft:pointed_dripstone":4,"minecraft:rotten_flesh":7,"minecraft:iron_boots":1,"minecraft:oak_planks":9,"minecraft:carrot":14,"minecraft:flint_and_steel":1,"minecraft:leather_chestplate":1,"minecraft:iron_chestplate":1,"minecraft:beetroot_seeds":1,"minecraft:ladder":7,"minecraft:oak_sapling":1,"minecraft:oak_boat":6,"minecraft:leather_leggings":1,"minecraft:spider_eye":2,"minecraft:glass":1,"minecraft:wooden_pickaxe":1,"minecraft:bow":1,"minecraft:arrow":6,"minecraft:beef":13,"minecraft:stone_pickaxe":1},"minecraft:custom":{"minecraft:mob_kills":56,"minecraft:inspect_hopper":3,"minecraft:interact_with_crafting_table":68,"minecraft:bell_ring":8,"minecraft:leave_game":3,"minecraft:time_since_death":405299,"minecraft:climb_one_cm":27866,"minecraft:sprint_one_cm":702600,"minecraft:walk_one_cm":492144,"minecraft:damage_blocked_by_shield":2775,"minecraft:drop":96,"minecraft:talked_to_villager":37,"minecraft:play_time":405299,"minecraft:sneak_time":20835,"minecraft:walk_under_water_one_cm":12829,"minecraft:boat_one_cm":312586,"minecraft:jump":4345,"minecraft:walk_on_water_one_cm":28539,"minecraft:total_world_time":405299,"minecraft:interact_with_furnace":12,"minecraft:traded_with_villager":12,"minecraft:sleep_in_bed":18,"minecraft:time_since_rest":120362,"minecraft:damage_taken":1980,"minecraft:damage_dealt":8264,"minecraft:swim_one_cm":25768,"minecraft:fly_one_cm":892658,"minecraft:open_chest":110,"minecraft:crouch_one_cm":57569,"minecraft:fall_one_cm":104541},"minecraft:crafted":{"minecraft:oak_planks":672,"minecraft:stone_shovel":2,"minecraft:oak_sign":9,"minecraft:furnace":3,"minecraft:bone_meal":45,"minecraft:oak_trapdoor":22,"minecraft:flint_and_steel":1,"minecraft:glass":3,"minecraft:hopper":9,"minecraft:iron_boots":1,"minecraft:iron_axe":1,"minecraft:ladder":21,"minecraft:iron_hoe":1,"minecraft:stone_pickaxe":1,"minecraft:chest":16,"minecraft:rail":160,"minecraft:minecart":3,"minecraft:furnace_minecart":1,"minecraft:oak_slab":156,"minecraft:emerald":12,"minecraft:crafting_table":5,"minecraft:wooden_pickaxe":1,"minecraft:iron_helmet":1,"minecraft:iron_sword":1,"minecraft:bucket":1,"minecraft:stone_axe":3,"minecraft:air":0,"minecraft:jungle_planks":4,"minecraft:oak_fence_gate":4,"minecraft:oak_boat":7,"minecraft:iron_chestplate":1,"minecraft:shield":1,"minecraft:stick":152,"minecraft:iron_ingot":96,"minecraft:iron_pickaxe":1,"minecraft:iron_block":9,"minecraft:stone_sword":1,"minecraft:iron_shovel":2,"minecraft:iron_leggings":1,"minecraft:white_bed":3,"minecraft:composter":2},"minecraft:used":{"minecraft:oak_trapdoor":27,"minecraft:stone_sword":1,"minecraft:iron_shovel":509,"minecraft:stone_shovel":246,"minecraft:ladder":24,"minecraft:oak_sign":11,"minecraft:chest":9,"minecraft:shield":49,"minecraft:iron_sword":39,"minecraft:torch":12,"minecraft:dirt":219,"minecraft:soul_sand":1,"minecraft:hopper":9,"minecraft:carrot":107,"minecraft:furnace_minecart":1,"minecraft:oak_fence_gate":5,"minecraft:glass":2,"minecraft:iron_hoe":95,"minecraft:lava_bucket":3,"minecraft:iron_axe":48,"minecraft:furnace":3,"minecraft:potato":3,"minecraft:cooked_beef":11,"minecraft:water_bucket":8,"minecraft:stone_pickaxe":41,"minecraft:oak_planks":222,"minecraft:wooden_pickaxe":6,"minecraft:composter":3,"minecraft:diamond_axe":221,"minecraft:rail":153,"minecraft:oak_slab":119,"minecraft:crafting_table":17,"minecraft:white_bed":30,"minecraft:oak_log":1,"minecraft:melon_slice":12,"minecraft:bread":46,"minecraft:iron_pickaxe":213,"minecraft:gravel":4,"minecraft:stone_axe":213,"minecraft:cobblestone":16,"minecraft:bucket":11,"minecraft:yellow_bed":6,"minecraft:oak_boat":14,"minecraft:bone_meal":45},"minecraft:killed":{"minecraft:spider":2,"minecraft:skeleton":9,"minecraft:chicken":1,"minecraft:pig":7,"minecraft:zombie_villager":1,"minecraft:iron_golem":1,"minecraft:sheep":12,"minecraft:zombie":10,"minecraft:enderman":2,"minecraft:cow":10},"minecraft:broken":{"minecraft:iron_shovel":1,"minecraft:shield":1,"minecraft:stone_axe":2,"minecraft:stone_shovel":1},"minecraft:picked_up":{"minecraft:crafting_table":14,"minecraft:chicken":1,"minecraft:ladder":10,"minecraft:leather_leggings":1,"minecraft:diamond_sword":1,"minecraft:string":2,"minecraft:oak_trapdoor":5,"minecraft:oak_sign":2,"minecraft:diamond_leggings":1,"minecraft:beef":22,"minecraft:oak_boat":12,"minecraft:poppy":19,"minecraft:melon_slice":31,"minecraft:sugar_cane":16,"minecraft:chest":2,"minecraft:furnace":1,"minecraft:egg":6,"minecraft:raw_iron":23,"minecraft:stick":3,"minecraft:composter":1,"minecraft:torch":12,"minecraft:porkchop":14,"minecraft:pointed_dripstone":4,"minecraft:diorite":20,"minecraft:carrot":120,"minecraft:diamond_chestplate":1,"minecraft:rotten_flesh":7,"minecraft:arrow":6,"minecraft:beetroot_seeds":1,"minecraft:diamond_boots":1,"minecraft:mutton":17,"minecraft:rail":48,"minecraft:white_wool":10,"minecraft:cobblestone":170,"minecraft:oxeye_daisy":1,"minecraft:furnace_minecart":1,"minecraft:leather_chestplate":1,"minecraft:feather":1,"minecraft:cooked_beef":17,"minecraft:jungle_log":1,"minecraft:leather":7,"minecraft:potato":3,"minecraft:flint":1,"minecraft:oak_log":233,"minecraft:yellow_bed":4,"minecraft:lapis_lazuli":53,"minecraft:dirt":767,"minecraft:bone":15,"minecraft:bow":1,"minecraft:wheat_seeds":36,"minecraft:raw_gold":6,"minecraft:iron_ingot":196,"minecraft:oak_fence_gate":1,"minecraft:diamond_helmet":1,"minecraft:soul_sand":3,"minecraft:oak_planks":136,"minecraft:oak_slab":9,"minecraft:dripstone_block":1,"minecraft:dandelion":4,"minecraft:lava_bucket":1,"minecraft:gravel":5,"minecraft:sand":3,"minecraft:white_bed":24,"minecraft:spider_eye":2,"minecraft:diamond_axe":1,"minecraft:granite":2,"minecraft:gray_wool":1,"minecraft:bread":39,"minecraft:oak_sapling":4,"minecraft:coal":48,"minecraft:ender_pearl":1},"minecraft:mined":{"minecraft:farmland":1,"minecraft:white_bed":23,"minecraft:ladder":1,"minecraft:granite":1,"minecraft:grass_block":583,"minecraft:jungle_log":1,"minecraft:composter":1,"minecraft:oxeye_daisy":1,"minecraft:oak_wall_sign":2,"minecraft:oak_trapdoor":6,"minecraft:furnace":1,"minecraft:carrots":41,"minecraft:iron_ore":23,"minecraft:potatoes":1,"minecraft:pointed_dripstone":1,"minecraft:vine":1,"minecraft:dirt_path":19,"minecraft:stone":155,"minecraft:oak_slab":8,"minecraft:dandelion":3,"minecraft:crafting_table":15,"minecraft:torch":7,"minecraft:short_grass":71,"minecraft:melon":6,"minecraft:chest":2,"minecraft:tall_grass":1,"minecraft:cobblestone":16,"minecraft:lapis_ore":8,"minecraft:sugar_cane":5,"minecraft:oak_planks":132,"minecraft:diorite":20,"minecraft:wall_torch":5,"minecraft:wheat":2,"minecraft:yellow_bed":1,"minecraft:oak_log":210,"minecraft:coal_ore":17,"minecraft:beetroots":2,"minecraft:sand":3,"minecraft:oak_fence_gate":1,"minecraft:dripstone_block":1,"minecraft:gravel":6,"minecraft:dirt":197,"minecraft:gold_ore":6,"minecraft:oak_leaves":31,"minecraft:fern":1}},"DataVersion":3953}