{"stats":{"minecraft:crafted":{"minecraft:oak_planks":672,"minecraft:stone_shovel":2,"minecraft:oak_sign":9,"minecraft:furnace":3,"minecraft:stone":2,"minecraft:bone_meal":57,"minecraft:flint_and_steel":1,"minecraft:oak_trapdoor":24,"minecraft:glass":3,"minecraft:hopper":9,"minecraft:iron_boots":1,"minecraft:iron_axe":1,"minecraft:ladder":21,"minecraft:iron_hoe":1,"minecraft:stone_pickaxe":1,"minecraft:chest":19,"minecraft:rail":160,"minecraft:golden_boots":1,"minecraft:minecart":4,"minecraft:furnace_minecart":1,"minecraft:oak_slab":156,"minecraft:emerald":12,"minecraft:crafting_table":5,"minecraft:iron_helmet":1,"minecraft:wooden_pickaxe":1,"minecraft:iron_sword":1,"minecraft:bucket":1,"minecraft:stone_axe":3,"minecraft:air":0,"minecraft:jungle_planks":4,"minecraft:oak_fence_gate":4,"minecraft:oak_boat":7,"minecraft:iron_chestplate":1,"minecraft:shield":2,"minecraft:stick":156,"minecraft:iron_ingot":96,"minecraft:iron_pickaxe":2,"minecraft:iron_block":9,"minecraft:stone_sword":1,"minecraft:iron_shovel":2,"minecraft:iron_leggings":1,"minecraft:gold_ingot":4,"minecraft:white_bed":3,"minecraft:composter":2},"minecraft:custom":{"minecraft:mob_kills":93,"minecraft:inspect_hopper":3,"minecraft:interact_with_crafting_table":77,"minecraft:bell_ring":9,"minecraft:leave_game":5,"minecraft:time_since_death":513653,"minecraft:climb_one_cm":29599,"minecraft:sprint_one_cm":942792,"minecraft:damage_blocked_by_shield":2860,"minecraft:walk_one_cm":661675,"minecraft:drop":119,"minecraft:talked_to_villager":50,"minecraft:play_time":513653,"minecraft:sneak_time":31491,"minecraft:walk_under_water_one_cm":12829,"minecraft:boat_one_cm":312586,"minecraft:jump":5669,"minecraft:walk_on_water_one_cm":29171,"minecraft:total_world_time":513653,"minecraft:interact_with_furnace":14,"minecraft:traded_with_villager":12,"minecraft:sleep_in_bed":26,"minecraft:time_since_rest":2264,"minecraft:damage_taken":3284,"minecraft:damage_dealt":10425,"minecraft:swim_one_cm":25768,"minecraft:fly_one_cm":1171203,"minecraft:open_chest":165,"minecraft:crouch_one_cm":86161,"minecraft:fall_one_cm":122197},"minecraft:mined":{"minecraft:white_bed":36,"minecraft:farmland":1,"minecraft:nether_bricks":2,"minecraft:ladder":1,"minecraft:granite":1,"minecraft:grass_block":594,"minecraft:jungle_log":1,"minecraft:oxeye_daisy":1,"minecraft:composter":1,"minecraft:nether_wart":9,"minecraft:oak_wall_sign":2,"minecraft:oak_trapdoor":8,"minecraft:furnace":1,"minecraft:carrots":62,"minecraft:iron_ore":23,"minecraft:fire":4,"minecraft:potatoes":1,"minecraft:pointed_dripstone":1,"minecraft:dirt_path":19,"minecraft:vine":1,"minecraft:rail":9,"minecraft:stone":159,"minecraft:oak_slab":8,"minecraft:blackstone":2,"minecraft:basalt":100,"minecraft:dandelion":3,"minecraft:crafting_table":15,"minecraft:torch":7,"minecraft:short_grass":82,"minecraft:melon":6,"minecraft:chest":2,"minecraft:tall_grass":2,"minecraft:cobblestone":26,"minecraft:lapis_ore":8,"minecraft:oak_planks":145,"minecraft:sugar_cane":5,"minecraft:wall_torch":5,"minecraft:diorite":20,"minecraft:wheat":3,"minecraft:yellow_bed":3,"minecraft:coal_ore":17,"minecraft:oak_log":210,"minecraft:oak_fence_gate":1,"minecraft:beetroots":2,"minecraft:gravel":17,"minecraft:dirt":228,"minecraft:sand":3,"minecraft:dripstone_block":1,"minecraft:gold_ore":6,"minecraft:oak_leaves":31,"minecraft:fern":1},"minecraft:picked_up":{"minecraft:crafting_table":14,"minecraft:chicken":1,"minecraft:ladder":10,"minecraft:nether_wart":9,"minecraft:leather_leggings":1,"minecraft:lead":2,"minecraft:diamond_sword":1,"minecraft:string":2,"minecraft:oak_trapdoor":7,"minecraft:oak_sign":2,"minecraft:diamond_leggings":1,"minecraft:beef":22,"minecraft:oak_boat":12,"minecraft:poppy":19,"minecraft:iron_pickaxe":1,"minecraft:minecart":3,"minecraft:melon_slice":31,"minecraft:sugar_cane":16,"minecraft:chest":2,"minecraft:furnace":1,"minecraft:egg":6,"minecraft:stick":3,"minecraft:raw_iron":23,"minecraft:composter":1,"minecraft:torch":12,"minecraft:porkchop":14,"minecraft:pointed_dripstone":4,"minecraft:diorite":20,"minecraft:carrot":139,"minecraft:stone_sword":1,"minecraft:arrow":89,"minecraft:rotten_flesh":7,"minecraft:diamond_chestplate":1,"minecraft:beetroot_seeds":1,"minecraft:nether_bricks":2,"minecraft:diamond_boots":1,"minecraft:blaze_rod":11,"minecraft:mutton":17,"minecraft:rail":61,"minecraft:white_wool":10,"minecraft:cobblestone":190,"minecraft:oxeye_daisy":1,"minecraft:furnace_minecart":3,"minecraft:cooked_beef":17,"minecraft:leather_chestplate":1,"minecraft:feather":1,"minecraft:basalt":99,"minecraft:magma_cream":1,"minecraft:jungle_log":1,"minecraft:leather":7,"minecraft:potato":3,"minecraft:flint":1,"minecraft:oak_log":233,"minecraft:yellow_bed":8,"minecraft:lapis_lazuli":53,"minecraft:dirt":809,"minecraft:bone":24,"minecraft:bow":2,"minecraft:wheat_seeds":40,"minecraft:raw_gold":6,"minecraft:iron_ingot":196,"minecraft:oak_fence_gate":1,"minecraft:diamond_helmet":1,"minecraft:iron_sword":1,"minecraft:oak_planks":146,"minecraft:soul_sand":3,"minecraft:oak_slab":9,"minecraft:dandelion":4,"minecraft:dripstone_block":1,"minecraft:gravel":13,"minecraft:lava_bucket":1,"minecraft:sand":3,"minecraft:white_bed":38,"minecraft:spider_eye":2,"minecraft:diamond":5,"minecraft:granite":2,"minecraft:crossbow":2,"minecraft:diamond_axe":1,"minecraft:gray_wool":1,"minecraft:bread":67,"minecraft:oak_sapling":4,"minecraft:coal":51,"minecraft:ender_pearl":1},"minecraft:broken":{"minecraft:iron_shovel":1,"minecraft:shield":1,"minecraft:stone_axe":2,"minecraft:stone_shovel":1},"minecraft:dropped":{"minecraft:golden_boots":1,"minecraft:iron_ingot":44,"minecraft:iron_sword":1,"minecraft:oak_slab":10,"minecraft:porkchop":6,"minecraft:wheat_seeds":18,"minecraft:ender_pearl":1,"minecraft:dripstone_block":1,"minecraft:crossbow":2,"minecraft:iron_helmet":1,"minecraft:cobblestone":29,"minecraft:granite":2,"minecraft:rail":54,"minecraft:emerald":12,"minecraft:stick":11,"minecraft:oxeye_daisy":1,"minecraft:dirt":87,"minecraft:gray_wool":1,"minecraft:diorite":20,"minecraft:mutton":3,"minecraft:melon_slice":19,"minecraft:iron_leggings":1,"minecraft:iron_axe":1,"minecraft:iron_pickaxe":1,"minecraft:iron_shovel":1,"minecraft:string":4,"minecraft:white_wool":1,"minecraft:dandelion":4,"minecraft:stone_axe":1,"minecraft:stone_sword":2,"minecraft:wheat":2,"minecraft:pointed_dripstone":4,"minecraft:raw_iron":8,"minecraft:stone_shovel":1,"minecraft:rotten_flesh":7,"minecraft:iron_boots":1,"minecraft:oak_planks":9,"minecraft:white_bed":2,"minecraft:carrot":27,"minecraft:flint_and_steel":1,"minecraft:leather_chestplate":1,"minecraft:iron_chestplate":1,"minecraft:beetroot_seeds":1,"minecraft:yellow_bed":2,"minecraft:oak_boat":6,"minecraft:oak_sapling":1,"minecraft:ladder":7,"minecraft:leather_leggings":1,"minecraft:spider_eye":2,"minecraft:stone_pickaxe":1,"minecraft:arrow":6,"minecraft:bow":1,"minecraft:glass":1,"minecraft:beef":13,"minecraft:wooden_pickaxe":1},"minecraft:killed":{"minecraft:spider":2,"minecraft:skeleton":11,"minecraft:chicken":1,"minecraft:magma_cube":17,"minecraft:pig":7,"minecraft:zombie_villager":1,"minecraft:iron_golem":1,"minecraft:wandering_trader":1,"minecraft:sheep":12,"minecraft:trader_llama":2,"minecraft:zombie":10,"minecraft:wither_skeleton":5,"minecraft:blaze":10,"minecraft:enderman":2,"minecraft:cow":10},"minecraft:used":{"minecraft:oak_trapdoor":30,"minecraft:stone_sword":1,"minecraft:iron_shovel":509,"minecraft:stone_shovel":246,"minecraft:ladder":24,"minecraft:oak_sign":11,"minecraft:chest":12,"minecraft:shield":50,"minecraft:iron_sword":39,"minecraft:torch":12,"minecraft:soul_sand":1,"minecraft:dirt":327,"minecraft:hopper":9,"minecraft:carrot":115,"minecraft:furnace_minecart":3,"minecraft:oak_fence_gate":5,"minecraft:iron_hoe":95,"minecraft:glass":2,"minecraft:lava_bucket":3,"minecraft:iron_axe":48,"minecraft:bow":83,"minecraft:furnace":3,"minecraft:minecart":3,"minecraft:cooked_beef":17,"minecraft:potato":3,"minecraft:water_bucket":8,"minecraft:stone_pickaxe":41,"minecraft:oak_planks":231,"minecraft:wooden_pickaxe":6,"minecraft:diamond_axe":240,"minecraft:composter":3,"minecraft:rail":167,"minecraft:oak_slab":119,"minecraft:crafting_table":18,"minecraft:white_bed":42,"minecraft:oak_log":1,"minecraft:bread":68,"minecraft:melon_slice":12,"minecraft:iron_pickaxe":342,"minecraft:gravel":12,"minecraft:cobblestone":18,"minecraft:stone_axe":213,"minecraft:diamond_sword":56,"minecraft:bucket":11,"minecraft:yellow_bed":6,"minecraft:oak_boat":14,"minecraft:bone_meal":57}},"DataVersion":3953}