{"stats":{"minecraft:used":{"minecraft:water_bucket":4,"minecraft:iron_shovel":54,"minecraft:stone_sword":64,"minecraft:stone_pickaxe":133,"minecraft:baked_potato":4,"minecraft:chest":8,"minecraft:wooden_pickaxe":5,"minecraft:spruce_planks":111,"minecraft:shield":31,"minecraft:composter":2,"minecraft:blue_bed":7,"minecraft:stone_hoe":3,"minecraft:iron_chestplate":1,"minecraft:dirt":30,"minecraft:crafting_table":1,"minecraft:blast_furnace":2,"minecraft:granite":34,"minecraft:spruce_log":4,"minecraft:diamond_pickaxe":161,"minecraft:apple":2,"minecraft:iron_axe":134,"minecraft:iron_pickaxe":63,"minecraft:iron_helmet":1,"minecraft:spruce_trapdoor":4,"minecraft:diamond_sword":81,"minecraft:cobblestone":5,"minecraft:purple_bed":1,"minecraft:sweet_berries":101,"minecraft:furnace":1,"minecraft:bucket":4,"minecraft:cooked_beef":8,"minecraft:cobbled_deepslate":39},"minecraft:picked_up":{"minecraft:crafting_table":1,"minecraft:feather":1,"minecraft:cooked_beef":8,"minecraft:andesite":14,"minecraft:golden_pickaxe":1,"minecraft:leather":2,"minecraft:wooden_pickaxe":1,"minecraft:gunpowder":4,"minecraft:blue_bed":7,"minecraft:lapis_lazuli":36,"minecraft:dirt":69,"minecraft:string":5,"minecraft:bone":12,"minecraft:wheat_seeds":2,"minecraft:cobbled_deepslate":57,"minecraft:raw_gold":5,"minecraft:spruce_planks":30,"minecraft:beef":7,"minecraft:iron_ingot":4,"minecraft:chest":2,"minecraft:spruce_trapdoor":22,"minecraft:iron_boots":1,"minecraft:egg":1,"minecraft:raw_iron":30,"minecraft:sweet_berries":110,"minecraft:composter":2,"minecraft:torch":1,"minecraft:porkchop":15,"minecraft:sand":2,"minecraft:spruce_sapling":6,"minecraft:blast_furnace":2,"minecraft:diorite":8,"minecraft:spruce_log":69,"minecraft:redstone":46,"minecraft:spider_eye":4,"minecraft:purple_bed":2,"minecraft:arrow":8,"minecraft:rotten_flesh":8,"minecraft:diamond":31,"minecraft:granite":36,"minecraft:baked_potato":8,"minecraft:coal":69,"minecraft:mutton":2,"minecraft:white_wool":1,"minecraft:cobblestone":140},"minecraft:dropped":{"minecraft:wheat_seeds":2,"minecraft:stone_sword":1,"minecraft:golden_pickaxe":1,"minecraft:diamond":9,"minecraft:feather":1,"minecraft:iron_boots":2,"minecraft:stick":1,"minecraft:spider_eye":1,"minecraft:wooden_pickaxe":2,"minecraft:stone_pickaxe":1,"minecraft:iron_pickaxe":1},"minecraft:killed":{"minecraft:pig":9,"minecraft:spider":11,"minecraft:iron_golem":1,"minecraft:creeper":4,"minecraft:sheep":1,"minecraft:skeleton":7,"minecraft:zombie":10,"minecraft:cow":4},"minecraft:custom":{"minecraft:interact_with_furnace":2,"minecraft:mob_kills":47,"minecraft:interact_with_crafting_table":15,"minecraft:bell_ring":24,"minecraft:leave_game":2,"minecraft:time_since_death":92843,"minecraft:sleep_in_bed":5,"minecraft:time_since_rest":9743,"minecraft:sprint_one_cm":307512,"minecraft:damage_taken":1594,"minecraft:walk_one_cm":203873,"minecraft:damage_blocked_by_shield":1910,"minecraft:drop":14,"minecraft:damage_dealt":8068,"minecraft:talked_to_villager":6,"minecraft:swim_one_cm":36240,"minecraft:fly_one_cm":242356,"minecraft:open_chest":23,"minecraft:crouch_one_cm":18592,"minecraft:play_time":92843,"minecraft:sneak_time":8548,"minecraft:walk_under_water_one_cm":5484,"minecraft:jump":1765,"minecraft:interact_with_blast_furnace":7,"minecraft:walk_on_water_one_cm":22345,"minecraft:total_world_time":92843,"minecraft:fall_one_cm":44278},"minecraft:mined":{"minecraft:deepslate_redstone_ore":9,"minecraft:spruce_planks":21,"minecraft:deepslate_diamond_ore":32,"minecraft:crafting_table":1,"minecraft:spruce_trapdoor":22,"minecraft:granite":35,"minecraft:blast_furnace":2,"minecraft:grass_block":34,"minecraft:chest":2,"minecraft:cobblestone":5,"minecraft:spruce_leaves":20,"minecraft:deepslate_gold_ore":4,"minecraft:composter":2,"minecraft:diorite":10,"minecraft:blue_bed":7,"minecraft:large_fern":1,"minecraft:purple_bed":2,"minecraft:redstone_ore":1,"minecraft:iron_ore":12,"minecraft:cobbled_deepslate":3,"minecraft:sweet_berry_bush":23,"minecraft:spruce_log":70,"minecraft:andesite":6,"minecraft:deepslate_lapis_ore":5,"minecraft:coal_ore":38,"minecraft:deepslate_iron_ore":17,"minecraft:dirt_path":11,"minecraft:sand":2,"minecraft:dirt":31,"minecraft:stone":134,"minecraft:deepslate":38,"minecraft:fern":4},"minecraft:crafted":{"minecraft:diamond_sword":1,"minecraft:spruce_planks":232,"minecraft:wooden_pickaxe":1,"minecraft:furnace":1,"minecraft:bucket":1,"minecraft:air":0,"minecraft:diamond_leggings":1,"minecraft:diamond_pickaxe":1,"minecraft:shield":1,"minecraft:iron_axe":1,"minecraft:stick":24,"minecraft:iron_ingot":30,"minecraft:iron_pickaxe":1,"minecraft:stone_pickaxe":1,"minecraft:stone_sword":1,"minecraft:chest":6,"minecraft:iron_shovel":1,"minecraft:stone_hoe":1}},"DataVersion":3953}