{"stats":{"minecraft:dropped":{"minecraft:iron_ingot":7,"minecraft:oak_planks":8,"minecraft:flint_and_steel":1,"minecraft:dirt":16,"minecraft:stone_pickaxe":1},"minecraft:crafted":{"minecraft:oak_slab":12,"minecraft:oak_planks":192,"minecraft:stone_shovel":1,"minecraft:oak_sign":9,"minecraft:crafting_table":2,"minecraft:wooden_pickaxe":1,"minecraft:furnace":1,"minecraft:stone_axe":3,"minecraft:air":0,"minecraft:oak_trapdoor":20,"minecraft:jungle_planks":4,"minecraft:flint_and_steel":1,"minecraft:oak_fence_gate":4,"minecraft:oak_boat":2,"minecraft:shield":1,"minecraft:ladder":21,"minecraft:stick":92,"minecraft:iron_ingot":7,"minecraft:iron_pickaxe":1,"minecraft:stone_pickaxe":1,"minecraft:stone_sword":1,"minecraft:chest":1,"minecraft:iron_shovel":2,"minecraft:white_bed":3},"minecraft:used":{"minecraft:oak_trapdoor":20,"minecraft:water_bucket":2,"minecraft:iron_shovel":451,"minecraft:stone_shovel":142,"minecraft:stone_pickaxe":41,"minecraft:ladder":24,"minecraft:oak_planks":84,"minecraft:oak_sign":11,"minecraft:shield":18,"minecraft:chest":1,"minecraft:wooden_pickaxe":6,"minecraft:soul_sand":1,"minecraft:dirt":30,"minecraft:oak_slab":9,"minecraft:crafting_table":9,"minecraft:white_bed":10,"minecraft:oak_fence_gate":5,"minecraft:oak_log":1,"minecraft:lava_bucket":3,"minecraft:bread":28,"minecraft:melon_slice":12,"minecraft:iron_pickaxe":120,"minecraft:gravel":4,"minecraft:stone_axe":181,"minecraft:cobblestone":9,"minecraft:furnace":1,"minecraft:bucket":5,"minecraft:yellow_bed":4,"minecraft:oak_boat":3},"minecraft:custom":{"minecraft:interact_with_furnace":5,"minecraft:mob_kills":34,"minecraft:interact_with_crafting_table":33,"minecraft:leave_game":2,"minecraft:time_since_death":103855,"minecraft:sleep_in_bed":6,"minecraft:climb_one_cm":6993,"minecraft:time_since_rest":26254,"minecraft:sprint_one_cm":247284,"minecraft:damage_blocked_by_shield":1065,"minecraft:damage_taken":1041,"minecraft:walk_one_cm":187256,"minecraft:drop":22,"minecraft:damage_dealt":5476,"minecraft:swim_one_cm":13701,"minecraft:fly_one_cm":365581,"minecraft:open_chest":12,"minecraft:crouch_one_cm":17689,"minecraft:play_time":103855,"minecraft:sneak_time":7618,"minecraft:walk_under_water_one_cm":6708,"minecraft:boat_one_cm":260538,"minecraft:jump":1723,"minecraft:walk_on_water_one_cm":14014,"minecraft:total_world_time":103855,"minecraft:fall_one_cm":45376},"minecraft:picked_up":{"minecraft:leather_chestplate":1,"minecraft:crafting_table":7,"minecraft:feather":1,"minecraft:chicken":1,"minecraft:ladder":10,"minecraft:jungle_log":1,"minecraft:leather_leggings":1,"minecraft:flint":1,"minecraft:oak_log":49,"minecraft:yellow_bed":4,"minecraft:oak_trapdoor":1,"minecraft:dirt":566,"minecraft:bone":5,"minecraft:oak_sign":2,"minecraft:wheat_seeds":22,"minecraft:iron_ingot":7,"minecraft:beef":9,"minecraft:oak_fence_gate":1,"minecraft:oak_boat":2,"minecraft:melon_slice":31,"minecraft:soul_sand":3,"minecraft:oak_planks":83,"minecraft:oak_slab":2,"minecraft:stick":1,"minecraft:raw_iron":7,"minecraft:lava_bucket":1,"minecraft:gravel":5,"minecraft:porkchop":8,"minecraft:diorite":11,"minecraft:white_bed":8,"minecraft:spider_eye":1,"minecraft:arrow":3,"minecraft:rotten_flesh":5,"minecraft:bread":39,"minecraft:oak_sapling":1,"minecraft:mutton":14,"minecraft:coal":17,"minecraft:white_wool":9,"minecraft:cobblestone":129},"minecraft:broken":{"minecraft:iron_shovel":1,"minecraft:stone_axe":1,"minecraft:stone_shovel":1},"minecraft:killed":{"minecraft:pig":5,"minecraft:zombie_villager":1,"minecraft:spider":1,"minecraft:iron_golem":1,"minecraft:skeleton":3,"minecraft:sheep":9,"minecraft:zombie":8,"minecraft:chicken":1,"minecraft:enderman":1,"minecraft:cow":4},"minecraft:mined":{"minecraft:oak_slab":2,"minecraft:white_bed":7,"minecraft:crafting_table":7,"minecraft:ladder":1,"minecraft:short_grass":41,"minecraft:grass_block":526,"minecraft:melon":6,"minecraft:jungle_log":1,"minecraft:oak_planks":74,"minecraft:oak_wall_sign":2,"minecraft:diorite":11,"minecraft:oak_trapdoor":1,"minecraft:iron_ore":7,"minecraft:yellow_bed":1,"minecraft:coal_ore":17,"minecraft:oak_log":26,"minecraft:vine":1,"minecraft:oak_fence_gate":1,"minecraft:gravel":6,"minecraft:dirt":46,"minecraft:stone":129,"minecraft:oak_leaves":3,"minecraft:fern":1}},"DataVersion":3953}