{"stats":{"minecraft:dropped":{"minecraft:iron_ingot":7,"minecraft:wheat_seeds":6,"minecraft:oak_planks":8,"minecraft:flint_and_steel":1,"minecraft:dirt":16,"minecraft:stone_pickaxe":1},"minecraft:broken":{"minecraft:iron_shovel":1,"minecraft:stone_axe":2,"minecraft:stone_shovel":1},"minecraft:used":{"minecraft:oak_trapdoor":20,"minecraft:water_bucket":2,"minecraft:stone_sword":1,"minecraft:iron_shovel":509,"minecraft:stone_pickaxe":41,"minecraft:stone_shovel":153,"minecraft:ladder":24,"minecraft:oak_planks":92,"minecraft:oak_sign":11,"minecraft:chest":1,"minecraft:wooden_pickaxe":6,"minecraft:shield":18,"minecraft:soul_sand":1,"minecraft:dirt":176,"minecraft:oak_slab":9,"minecraft:crafting_table":9,"minecraft:white_bed":16,"minecraft:oak_fence_gate":5,"minecraft:oak_log":1,"minecraft:lava_bucket":3,"minecraft:bread":36,"minecraft:melon_slice":12,"minecraft:iron_pickaxe":120,"minecraft:gravel":4,"minecraft:stone_axe":212,"minecraft:cobblestone":9,"minecraft:furnace":1,"minecraft:bucket":5,"minecraft:yellow_bed":4,"minecraft:oak_boat":14},"minecraft:mined":{"minecraft:oak_slab":2,"minecraft:white_bed":13,"minecraft:crafting_table":7,"minecraft:ladder":1,"minecraft:short_grass":59,"minecraft:grass_block":546,"minecraft:melon":6,"minecraft:jungle_log":1,"minecraft:oak_planks":84,"minecraft:oak_wall_sign":2,"minecraft:diorite":11,"minecraft:oak_trapdoor":1,"minecraft:iron_ore":7,"minecraft:yellow_bed":1,"minecraft:oak_log":47,"minecraft:coal_ore":17,"minecraft:dirt_path":19,"minecraft:vine":1,"minecraft:oak_fence_gate":1,"minecraft:gravel":6,"minecraft:dirt":76,"minecraft:stone":129,"minecraft:oak_leaves":5,"minecraft:fern":1},"minecraft:custom":{"minecraft:interact_with_furnace":5,"minecraft:mob_kills":34,"minecraft:interact_with_crafting_table":39,"minecraft:bell_ring":2,"minecraft:leave_game":2,"minecraft:time_since_death":139691,"minecraft:sleep_in_bed":9,"minecraft:climb_one_cm":6993,"minecraft:time_since_rest":12468,"minecraft:sprint_one_cm":331436,"minecraft:damage_taken":1391,"minecraft:walk_one_cm":279070,"minecraft:damage_blocked_by_shield":1065,"minecraft:drop":28,"minecraft:damage_dealt":5476,"minecraft:swim_one_cm":19676,"minecraft:fly_one_cm":447818,"minecraft:open_chest":19,"minecraft:crouch_one_cm":26924,"minecraft:play_time":139691,"minecraft:sneak_time":10280,"minecraft:walk_under_water_one_cm":7687,"minecraft:boat_one_cm":308282,"minecraft:jump":2254,"minecraft:walk_on_water_one_cm":14713,"minecraft:total_world_time":139691,"minecraft:fall_one_cm":55607},"minecraft:picked_up":{"minecraft:crafting_table":7,"minecraft:leather_chestplate":1,"minecraft:feather":1,"minecraft:chicken":1,"minecraft:ladder":10,"minecraft:jungle_log":1,"minecraft:leather_leggings":1,"minecraft:flint":1,"minecraft:oak_log":70,"minecraft:yellow_bed":4,"minecraft:dirt":632,"minecraft:oak_trapdoor":1,"minecraft:bone":5,"minecraft:oak_sign":2,"minecraft:wheat_seeds":28,"minecraft:iron_ingot":7,"minecraft:beef":9,"minecraft:oak_fence_gate":1,"minecraft:oak_boat":10,"minecraft:melon_slice":31,"minecraft:oak_planks":93,"minecraft:soul_sand":3,"minecraft:oak_slab":2,"minecraft:stick":1,"minecraft:raw_iron":7,"minecraft:gravel":5,"minecraft:lava_bucket":1,"minecraft:porkchop":8,"minecraft:diorite":11,"minecraft:white_bed":14,"minecraft:spider_eye":1,"minecraft:arrow":3,"minecraft:rotten_flesh":5,"minecraft:bread":39,"minecraft:oak_sapling":1,"minecraft:mutton":14,"minecraft:coal":17,"minecraft:white_wool":9,"minecraft:cobblestone":129},"minecraft:crafted":{"minecraft:oak_slab":12,"minecraft:oak_planks":228,"minecraft:stone_shovel":2,"minecraft:oak_sign":9,"minecraft:crafting_table":2,"minecraft:wooden_pickaxe":1,"minecraft:furnace":1,"minecraft:stone_axe":3,"minecraft:air":0,"minecraft:jungle_planks":4,"minecraft:oak_trapdoor":20,"minecraft:flint_and_steel":1,"minecraft:oak_fence_gate":4,"minecraft:oak_boat":7,"minecraft:shield":1,"minecraft:ladder":21,"minecraft:stick":92,"minecraft:iron_ingot":7,"minecraft:iron_pickaxe":1,"minecraft:stone_pickaxe":1,"minecraft:stone_sword":1,"minecraft:chest":1,"minecraft:iron_shovel":2,"minecraft:white_bed":3},"minecraft:killed":{"minecraft:pig":5,"minecraft:zombie_villager":1,"minecraft:spider":1,"minecraft:iron_golem":1,"minecraft:skeleton":3,"minecraft:sheep":9,"minecraft:zombie":8,"minecraft:chicken":1,"minecraft:enderman":1,"minecraft:cow":4}},"DataVersion":3953}