{"stats":{"minecraft:dropped":{"minecraft:bread":39,"minecraft:soul_sand":3,"minecraft:wheat_seeds":76,"minecraft:oak_log":23,"minecraft:grass_block":1,"minecraft:leather_helmet":1,"minecraft:stick":1,"minecraft:oxeye_daisy":1,"minecraft:lava_bucket":1,"minecraft:iron_pickaxe":1,"minecraft:dandelion":3,"minecraft:stone_axe":13,"minecraft:stone_sword":2,"minecraft:raw_iron":1,"minecraft:rotten_flesh":4,"minecraft:oak_planks":17,"minecraft:stone_slab":5,"minecraft:white_bed":1,"minecraft:poppy":2,"minecraft:leather_chestplate":2,"minecraft:yellow_bed":3,"minecraft:oak_boat":1,"minecraft:oak_sapling":1,"minecraft:ladder":1,"minecraft:leather_leggings":2,"minecraft:arrow":2,"minecraft:stone_pickaxe":1,"minecraft:black_wool":1},"minecraft:broken":{"minecraft:stone_sword":1,"minecraft:wooden_pickaxe":1,"minecraft:stone_axe":1,"minecraft:wooden_axe":1},"minecraft:used":{"minecraft:oak_trapdoor":7,"minecraft:stone_sword":204,"minecraft:flint_and_steel":1,"minecraft:chest":7,"minecraft:shield":5,"minecraft:iron_sword":7,"minecraft:bell":17,"minecraft:rotten_flesh":10,"minecraft:dirt":34,"minecraft:wooden_axe":43,"minecraft:lava_bucket":18,"minecraft:iron_axe":10,"minecraft:furnace":2,"minecraft:cooked_beef":9,"minecraft:golden_boots":1,"minecraft:wheat_seeds":55,"minecraft:water_bucket":32,"minecraft:diorite":3,"minecraft:stone_pickaxe":85,"minecraft:oak_planks":102,"minecraft:wooden_pickaxe":61,"minecraft:sugar_cane":60,"minecraft:crafting_table":12,"minecraft:blast_furnace":2,"minecraft:white_bed":13,"minecraft:wooden_hoe":46,"minecraft:melon_slice":10,"minecraft:bread":33,"minecraft:iron_pickaxe":248,"minecraft:stone_axe":134,"minecraft:cobblestone":52,"minecraft:grindstone":1,"minecraft:smithing_table":4,"minecraft:bucket":52,"minecraft:yellow_bed":17,"minecraft:oak_boat":4},"minecraft:mined":{"minecraft:nether_gold_ore":10,"minecraft:white_bed":16,"minecraft:jungle_leaves":2,"minecraft:granite":2,"minecraft:grass_block":17,"minecraft:composter":4,"minecraft:nether_wart":20,"minecraft:hay_block":28,"minecraft:oak_trapdoor":4,"minecraft:iron_ore":1,"minecraft:fire":2,"minecraft:bell":17,"minecraft:stone":144,"minecraft:smithing_table":3,"minecraft:soul_sand":3,"minecraft:smoker":1,"minecraft:basalt":7,"minecraft:dandelion":1,"minecraft:crafting_table":9,"minecraft:short_grass":39,"minecraft:blast_furnace":1,"minecraft:melon":2,"minecraft:chest":5,"minecraft:tall_grass":9,"minecraft:cobblestone":4,"minecraft:lapis_ore":2,"minecraft:sugar_cane":150,"minecraft:oak_planks":29,"minecraft:diorite":3,"minecraft:seagrass":1,"minecraft:wheat":57,"minecraft:yellow_bed":22,"minecraft:coal_ore":193,"minecraft:oak_log":96,"minecraft:dirt":29,"minecraft:oak_leaves":6},"minecraft:custom":{"minecraft:interact_with_smithing_table":2,"minecraft:mob_kills":77,"minecraft:animals_bred":12,"minecraft:interact_with_crafting_table":40,"minecraft:bell_ring":420,"minecraft:leave_game":6,"minecraft:time_since_death":187367,"minecraft:climb_one_cm":10995,"minecraft:sprint_one_cm":535378,"minecraft:walk_one_cm":479595,"minecraft:damage_blocked_by_shield":300,"minecraft:drop":66,"minecraft:talked_to_villager":75,"minecraft:play_time":187367,"minecraft:sneak_time":6253,"minecraft:walk_under_water_one_cm":9640,"minecraft:boat_one_cm":264115,"minecraft:jump":5115,"minecraft:interact_with_blast_furnace":1,"minecraft:walk_on_water_one_cm":7107,"minecraft:total_world_time":187367,"minecraft:interact_with_furnace":22,"minecraft:traded_with_villager":130,"minecraft:interact_with_grindstone":1,"minecraft:sleep_in_bed":10,"minecraft:time_since_rest":10640,"minecraft:damage_taken":1279,"minecraft:damage_dealt":11842,"minecraft:swim_one_cm":20165,"minecraft:fly_one_cm":1334730,"minecraft:open_chest":46,"minecraft:crouch_one_cm":19383,"minecraft:fall_one_cm":127103},"minecraft:picked_up":{"minecraft:crafting_table":9,"minecraft:wheat":55,"minecraft:ladder":1,"minecraft:nether_wart":18,"minecraft:smithing_table":3,"minecraft:string":9,"minecraft:oak_trapdoor":5,"minecraft:flint_and_steel":1,"minecraft:gold_nugget":40,"minecraft:beef":62,"minecraft:oak_boat":5,"minecraft:poppy":4,"minecraft:sugar_cane":211,"minecraft:melon_slice":10,"minecraft:chest":5,"minecraft:raw_iron":1,"minecraft:composter":8,"minecraft:diorite":3,"minecraft:carrot":3,"minecraft:stone_sword":1,"minecraft:arrow":2,"minecraft:rotten_flesh":14,"minecraft:hay_block":30,"minecraft:mutton":36,"minecraft:cobblestone":143,"minecraft:white_wool":18,"minecraft:oxeye_daisy":1,"minecraft:basalt":4,"minecraft:leather":40,"minecraft:smoker":1,"minecraft:potato":2,"minecraft:oak_log":96,"minecraft:yellow_bed":22,"minecraft:lapis_lazuli":12,"minecraft:dirt":63,"minecraft:bone":2,"minecraft:wheat_seeds":158,"minecraft:bell":18,"minecraft:iron_ingot":35,"minecraft:soul_sand":3,"minecraft:oak_planks":45,"minecraft:dandelion":7,"minecraft:blast_furnace":1,"minecraft:white_bed":16,"minecraft:grass_block":1,"minecraft:stone_axe":2,"minecraft:granite":2,"minecraft:oak_sapling":3,"minecraft:coal":193,"minecraft:black_wool":1,"minecraft:ender_pearl":2},"minecraft:crafted":{"minecraft:grindstone":1,"minecraft:oak_planks":292,"minecraft:smooth_stone":16,"minecraft:chainmail_helmet":12,"minecraft:leather_leggings":2,"minecraft:furnace":3,"minecraft:blast_furnace":1,"minecraft:stone":19,"minecraft:oak_trapdoor":2,"minecraft:diamond_leggings":1,"minecraft:iron_boots":1,"minecraft:iron_axe":1,"minecraft:stone_pickaxe":1,"minecraft:chest":2,"minecraft:chainmail_leggings":12,"minecraft:golden_boots":1,"minecraft:wheat":234,"minecraft:cooked_beef":44,"minecraft:emerald":94,"minecraft:crafting_table":5,"minecraft:wooden_pickaxe":1,"minecraft:iron_helmet":1,"minecraft:iron_sword":1,"minecraft:smithing_table":1,"minecraft:leather_helmet":1,"minecraft:bucket":2,"minecraft:stone_axe":13,"minecraft:bread":78,"minecraft:air":0,"minecraft:oak_boat":1,"minecraft:wooden_hoe":1,"minecraft:white_wool":1,"minecraft:iron_chestplate":1,"minecraft:shield":1,"minecraft:stick":24,"minecraft:stone_slab":6,"minecraft:leather_chestplate":2,"minecraft:iron_pickaxe":2,"minecraft:wooden_axe":1,"minecraft:stone_sword":2,"minecraft:gold_ingot":4,"minecraft:iron_leggings":1,"minecraft:white_bed":3},"minecraft:killed":{"minecraft:spider":7,"minecraft:horse":8,"minecraft:skeleton":2,"minecraft:drowned":1,"minecraft:iron_golem":1,"minecraft:sheep":14,"minecraft:zombie":12,"minecraft:villager":1,"minecraft:enderman":1,"minecraft:cow":30}},"DataVersion":3953}