{"stats":{"minecraft:used":{"minecraft:melon_slice":25,"minecraft:stone_pickaxe":13,"minecraft:jungle_log":2,"minecraft:wooden_pickaxe":26,"minecraft:stone_axe":78,"minecraft:crafting_table":3,"minecraft:black_bed":1},"minecraft:picked_up":{"minecraft:stick":1,"minecraft:crafting_table":3,"minecraft:black_bed":1,"minecraft:jungle_log":11,"minecraft:brown_wool":2,"minecraft:leather":10,"minecraft:brown_mushroom":1,"minecraft:porkchop":14,"minecraft:oak_log":13,"minecraft:wheat_seeds":3,"minecraft:beef":31,"minecraft:gray_wool":2,"minecraft:white_wool":18,"minecraft:black_wool":3,"minecraft:melon_slice":53,"minecraft:sugar_cane":8,"minecraft:mutton":40,"minecraft:coal":14,"minecraft:cobblestone":24},"minecraft:dropped":{"minecraft:wheat_seeds":3},"minecraft:killed":{"minecraft:sheep":26,"minecraft:pig":7,"minecraft:cow":13},"minecraft:custom":{"minecraft:time_since_rest":2934,"minecraft:sprint_one_cm":130778,"minecraft:damage_taken":100,"minecraft:walk_one_cm":71821,"minecraft:mob_kills":46,"minecraft:drop":3,"minecraft:damage_dealt":4090,"minecraft:swim_one_cm":4537,"minecraft:interact_with_crafting_table":3,"minecraft:fly_one_cm":273283,"minecraft:crouch_one_cm":1776,"minecraft:play_time":29006,"minecraft:sneak_time":455,"minecraft:walk_under_water_one_cm":154,"minecraft:jump":1189,"minecraft:leave_game":2,"minecraft:time_since_death":29006,"minecraft:walk_on_water_one_cm":622,"minecraft:sleep_in_bed":1,"minecraft:total_world_time":29006,"minecraft:climb_one_cm":618,"minecraft:fall_one_cm":35230},"minecraft:mined":{"minecraft:brown_mushroom":1,"minecraft:jungle_leaves":1,"minecraft:birch_leaves":5,"minecraft:black_bed":1,"minecraft:crafting_table":3,"minecraft:short_grass":19,"minecraft:oak_log":15,"minecraft:coal_ore":14,"minecraft:melon":9,"minecraft:vine":1,"minecraft:jungle_log":11,"minecraft:tall_grass":1,"minecraft:stone":24,"minecraft:sugar_cane":3,"minecraft:oak_leaves":4,"minecraft:fern":5},"minecraft:crafted":{"minecraft:crafting_table":1,"minecraft:stick":8,"minecraft:wooden_pickaxe":1,"minecraft:stone_pickaxe":1,"minecraft:black_bed":1,"minecraft:stone_axe":1,"minecraft:jungle_planks":36}},"DataVersion":3953}