{"stats":{"minecraft:used":{"minecraft:diorite":31,"minecraft:stone_pickaxe":138,"minecraft:baked_potato":7,"minecraft:spruce_planks":26,"minecraft:wooden_pickaxe":5,"minecraft:shield":26,"minecraft:iron_sword":55,"minecraft:blue_bed":3,"minecraft:cooked_chicken":1,"minecraft:iron_chestplate":1,"minecraft:torch":18,"minecraft:dirt":1,"minecraft:crafting_table":5,"minecraft:blast_furnace":3,"minecraft:tuff":6,"minecraft:granite":15,"minecraft:bread":9,"minecraft:iron_pickaxe":152,"minecraft:iron_helmet":1,"minecraft:stone_axe":30,"minecraft:cobblestone":39,"minecraft:sweet_berries":34,"minecraft:furnace":1,"minecraft:pumpkin_pie":1,"minecraft:cooked_beef":1,"minecraft:cobbled_deepslate":67,"minecraft:iron_leggings":1},"minecraft:picked_up":{"minecraft:crafting_table":5,"minecraft:chicken":1,"minecraft:leather":8,"minecraft:fern":1,"minecraft:wooden_pickaxe":1,"minecraft:potato":15,"minecraft:tuff":6,"minecraft:dirt":2,"minecraft:lapis_lazuli":35,"minecraft:blue_bed":4,"minecraft:string":10,"minecraft:bone":10,"minecraft:bow":1,"minecraft:cobbled_deepslate":67,"minecraft:raw_gold":4,"minecraft:spruce_planks":6,"minecraft:beef":16,"minecraft:stone_pickaxe":1,"minecraft:iron_pickaxe":1,"minecraft:sugar_cane":14,"minecraft:chest":8,"minecraft:iron_boots":1,"minecraft:furnace":1,"minecraft:raw_iron":41,"minecraft:sweet_berries":34,"minecraft:torch":19,"minecraft:gravel":3,"minecraft:sand":2,"minecraft:spruce_sapling":14,"minecraft:blast_furnace":4,"minecraft:diorite":31,"minecraft:spruce_log":14,"minecraft:redstone":39,"minecraft:spider_eye":4,"minecraft:stone_sword":1,"minecraft:pumpkin_seeds":30,"minecraft:arrow":6,"minecraft:rotten_flesh":3,"minecraft:diamond":17,"minecraft:pumpkin_pie":1,"minecraft:granite":15,"minecraft:spruce_sign":1,"minecraft:emerald":5,"minecraft:bread":9,"minecraft:coal":6,"minecraft:cobblestone":85},"minecraft:dropped":{"minecraft:golden_boots":1,"minecraft:iron_ingot":1,"minecraft:cooked_beef":8,"minecraft:baked_potato":8,"minecraft:golden_pickaxe":1,"minecraft:cobblestone":1,"minecraft:rotten_flesh":3,"minecraft:fern":1,"minecraft:pumpkin_seeds":30,"minecraft:spruce_planks":8,"minecraft:spider_eye":3,"minecraft:sand":2,"minecraft:string":8,"minecraft:spruce_sapling":2},"minecraft:killed":{"minecraft:spider":5,"minecraft:skeleton":7,"minecraft:zombie":6,"minecraft:cow":8},"minecraft:custom":{"minecraft:interact_with_furnace":16,"minecraft:mob_kills":26,"minecraft:interact_with_crafting_table":11,"minecraft:leave_game":2,"minecraft:time_since_death":82222,"minecraft:sleep_in_bed":3,"minecraft:time_since_rest":39735,"minecraft:sprint_one_cm":187844,"minecraft:damage_taken":1107,"minecraft:walk_one_cm":247696,"minecraft:damage_blocked_by_shield":1381,"minecraft:drop":16,"minecraft:damage_dealt":4313,"minecraft:swim_one_cm":13825,"minecraft:talked_to_villager":5,"minecraft:fly_one_cm":291002,"minecraft:open_chest":3,"minecraft:crouch_one_cm":28802,"minecraft:play_time":82222,"minecraft:sneak_time":7875,"minecraft:walk_under_water_one_cm":5222,"minecraft:jump":1702,"minecraft:interact_with_blast_furnace":15,"minecraft:walk_on_water_one_cm":12831,"minecraft:total_world_time":82222,"minecraft:fall_one_cm":41057},"minecraft:mined":{"minecraft:deepslate_redstone_ore":8,"minecraft:spruce_planks":7,"minecraft:deepslate_diamond_ore":7,"minecraft:crafting_table":5,"minecraft:torch":18,"minecraft:short_grass":3,"minecraft:granite":16,"minecraft:blast_furnace":4,"minecraft:grass_block":1,"minecraft:chest":8,"minecraft:cobblestone":8,"minecraft:lapis_ore":6,"minecraft:deepslate_gold_ore":5,"minecraft:sugar_cane":5,"minecraft:diorite":31,"minecraft:wall_torch":1,"minecraft:blue_bed":4,"minecraft:large_fern":2,"minecraft:furnace":1,"minecraft:iron_ore":22,"minecraft:sweet_berry_bush":5,"minecraft:andesite":8,"minecraft:coal_ore":6,"minecraft:deepslate_iron_ore":7,"minecraft:sand":2,"minecraft:dirt":2,"minecraft:stone":78,"minecraft:deepslate":76},"minecraft:crafted":{"minecraft:cooked_beef":16,"minecraft:crafting_table":1,"minecraft:spruce_planks":48,"minecraft:baked_potato":15,"minecraft:cooked_chicken":1,"minecraft:iron_sword":1,"minecraft:furnace":1,"minecraft:stone_axe":1,"minecraft:air":0,"minecraft:shield":1,"minecraft:stick":12,"minecraft:iron_ingot":17,"minecraft:iron_pickaxe":1,"minecraft:stone_pickaxe":1,"minecraft:iron_leggings":1,"minecraft:diamond_chestplate":1},"minecraft:broken":{"minecraft:stone_pickaxe":2}},"DataVersion":3953}