{"stats":{"minecraft:dropped":{"minecraft:bread":39,"minecraft:soul_sand":3,"minecraft:oak_log":23,"minecraft:oak_planks":17,"minecraft:white_bed":1,"minecraft:stick":1,"minecraft:lava_bucket":1,"minecraft:leather_chestplate":1,"minecraft:yellow_bed":3,"minecraft:oak_sapling":1,"minecraft:oak_boat":1,"minecraft:ladder":1,"minecraft:leather_leggings":1,"minecraft:arrow":2,"minecraft:black_wool":1},"minecraft:broken":{"minecraft:stone_sword":1,"minecraft:stone_axe":1,"minecraft:wooden_axe":1,"minecraft:wooden_pickaxe":1},"minecraft:used":{"minecraft:golden_boots":1,"minecraft:oak_trapdoor":1,"minecraft:wheat_seeds":39,"minecraft:water_bucket":23,"minecraft:stone_sword":190,"minecraft:flint_and_steel":1,"minecraft:stone_pickaxe":72,"minecraft:oak_planks":57,"minecraft:chest":5,"minecraft:wooden_pickaxe":61,"minecraft:shield":3,"minecraft:sugar_cane":60,"minecraft:bell":15,"minecraft:rotten_flesh":10,"minecraft:dirt":1,"minecraft:crafting_table":9,"minecraft:white_bed":4,"minecraft:wooden_axe":43,"minecraft:wooden_hoe":46,"minecraft:lava_bucket":18,"minecraft:bread":33,"minecraft:melon_slice":10,"minecraft:stone_axe":115,"minecraft:cobblestone":30,"minecraft:furnace":2,"minecraft:bucket":42,"minecraft:yellow_bed":17,"minecraft:oak_boat":4},"minecraft:custom":{"minecraft:interact_with_furnace":7,"minecraft:mob_kills":70,"minecraft:animals_bred":5,"minecraft:interact_with_crafting_table":21,"minecraft:bell_ring":372,"minecraft:leave_game":5,"minecraft:time_since_death":118528,"minecraft:sleep_in_bed":5,"minecraft:climb_one_cm":1926,"minecraft:time_since_rest":9686,"minecraft:sprint_one_cm":386258,"minecraft:damage_taken":1051,"minecraft:walk_one_cm":316208,"minecraft:damage_blocked_by_shield":180,"minecraft:drop":35,"minecraft:damage_dealt":10930,"minecraft:swim_one_cm":16416,"minecraft:talked_to_villager":1,"minecraft:fly_one_cm":919394,"minecraft:open_chest":17,"minecraft:crouch_one_cm":5198,"minecraft:play_time":118528,"minecraft:sneak_time":2451,"minecraft:walk_under_water_one_cm":8942,"minecraft:boat_one_cm":264115,"minecraft:jump":3436,"minecraft:walk_on_water_one_cm":5636,"minecraft:total_world_time":118528,"minecraft:fall_one_cm":90317},"minecraft:mined":{"minecraft:nether_gold_ore":10,"minecraft:white_bed":8,"minecraft:soul_sand":3,"minecraft:smoker":1,"minecraft:basalt":7,"minecraft:jungle_leaves":2,"minecraft:dandelion":1,"minecraft:crafting_table":7,"minecraft:short_grass":31,"minecraft:grass_block":17,"minecraft:melon":2,"minecraft:chest":5,"minecraft:tall_grass":8,"minecraft:cobblestone":4,"minecraft:oak_planks":8,"minecraft:sugar_cane":101,"minecraft:composter":4,"minecraft:nether_wart":20,"minecraft:seagrass":1,"minecraft:hay_block":28,"minecraft:oak_trapdoor":1,"minecraft:fire":2,"minecraft:wheat":41,"minecraft:yellow_bed":22,"minecraft:bell":16,"minecraft:oak_log":96,"minecraft:dirt":29,"minecraft:stone":86,"minecraft:oak_leaves":6},"minecraft:picked_up":{"minecraft:crafting_table":7,"minecraft:wheat":40,"minecraft:basalt":4,"minecraft:nether_wart":18,"minecraft:ladder":1,"minecraft:leather":40,"minecraft:smoker":1,"minecraft:potato":2,"minecraft:oak_log":96,"minecraft:yellow_bed":22,"minecraft:oak_trapdoor":2,"minecraft:dirt":63,"minecraft:string":6,"minecraft:flint_and_steel":1,"minecraft:wheat_seeds":113,"minecraft:gold_nugget":40,"minecraft:bell":17,"minecraft:iron_ingot":8,"minecraft:beef":62,"minecraft:oak_boat":5,"minecraft:poppy":4,"minecraft:melon_slice":10,"minecraft:sugar_cane":159,"minecraft:chest":5,"minecraft:oak_planks":21,"minecraft:soul_sand":3,"minecraft:composter":8,"minecraft:dandelion":4,"minecraft:white_bed":8,"minecraft:grass_block":1,"minecraft:arrow":2,"minecraft:rotten_flesh":10,"minecraft:hay_block":30,"minecraft:oak_sapling":3,"minecraft:black_wool":1,"minecraft:mutton":36,"minecraft:white_wool":16,"minecraft:cobblestone":89,"minecraft:ender_pearl":2},"minecraft:crafted":{"minecraft:cooked_beef":19,"minecraft:oak_planks":292,"minecraft:leather_leggings":2,"minecraft:crafting_table":4,"minecraft:wooden_pickaxe":1,"minecraft:furnace":2,"minecraft:leather_helmet":1,"minecraft:bucket":2,"minecraft:stone_axe":1,"minecraft:air":0,"minecraft:bread":78,"minecraft:oak_boat":1,"minecraft:wooden_hoe":1,"minecraft:shield":1,"minecraft:stick":16,"minecraft:leather_chestplate":2,"minecraft:stone_pickaxe":1,"minecraft:wooden_axe":1,"minecraft:stone_sword":2,"minecraft:gold_ingot":4,"minecraft:white_bed":2,"minecraft:golden_boots":1,"minecraft:wheat":234},"minecraft:killed":{"minecraft:spider":5,"minecraft:iron_golem":1,"minecraft:sheep":12,"minecraft:horse":8,"minecraft:skeleton":1,"minecraft:zombie":10,"minecraft:drowned":1,"minecraft:villager":1,"minecraft:enderman":1,"minecraft:cow":30}},"DataVersion":3953}