{"stats":{"minecraft:dropped":{"minecraft:bread":39,"minecraft:soul_sand":3,"minecraft:wheat_seeds":76,"minecraft:oak_log":23,"minecraft:grass_block":1,"minecraft:stick":1,"minecraft:oxeye_daisy":1,"minecraft:lava_bucket":1,"minecraft:dandelion":3,"minecraft:stone_axe":1,"minecraft:stone_sword":2,"minecraft:rotten_flesh":2,"minecraft:oak_planks":17,"minecraft:stone_slab":5,"minecraft:white_bed":1,"minecraft:poppy":2,"minecraft:leather_chestplate":1,"minecraft:yellow_bed":3,"minecraft:oak_boat":1,"minecraft:oak_sapling":1,"minecraft:ladder":1,"minecraft:leather_leggings":1,"minecraft:arrow":2,"minecraft:stone_pickaxe":1,"minecraft:black_wool":1},"minecraft:broken":{"minecraft:stone_sword":1,"minecraft:wooden_pickaxe":1,"minecraft:stone_axe":1,"minecraft:wooden_axe":1},"minecraft:used":{"minecraft:oak_trapdoor":4,"minecraft:stone_sword":204,"minecraft:flint_and_steel":1,"minecraft:chest":5,"minecraft:shield":3,"minecraft:iron_sword":1,"minecraft:bell":17,"minecraft:rotten_flesh":10,"minecraft:dirt":1,"minecraft:wooden_axe":43,"minecraft:lava_bucket":18,"minecraft:iron_axe":3,"minecraft:furnace":2,"minecraft:cooked_beef":6,"minecraft:golden_boots":1,"minecraft:wheat_seeds":55,"minecraft:water_bucket":32,"minecraft:stone_pickaxe":85,"minecraft:oak_planks":96,"minecraft:wooden_pickaxe":61,"minecraft:sugar_cane":60,"minecraft:crafting_table":10,"minecraft:blast_furnace":1,"minecraft:white_bed":10,"minecraft:wooden_hoe":46,"minecraft:melon_slice":10,"minecraft:bread":33,"minecraft:stone_axe":134,"minecraft:cobblestone":30,"minecraft:grindstone":1,"minecraft:smithing_table":4,"minecraft:bucket":52,"minecraft:yellow_bed":17,"minecraft:oak_boat":4},"minecraft:mined":{"minecraft:nether_gold_ore":10,"minecraft:white_bed":13,"minecraft:jungle_leaves":2,"minecraft:grass_block":17,"minecraft:composter":4,"minecraft:nether_wart":20,"minecraft:hay_block":28,"minecraft:oak_trapdoor":1,"minecraft:fire":2,"minecraft:bell":17,"minecraft:stone":98,"minecraft:smithing_table":3,"minecraft:soul_sand":3,"minecraft:smoker":1,"minecraft:basalt":7,"minecraft:dandelion":1,"minecraft:crafting_table":8,"minecraft:short_grass":38,"minecraft:melon":2,"minecraft:chest":5,"minecraft:tall_grass":9,"minecraft:cobblestone":4,"minecraft:sugar_cane":150,"minecraft:oak_planks":26,"minecraft:seagrass":1,"minecraft:wheat":57,"minecraft:yellow_bed":22,"minecraft:oak_log":96,"minecraft:dirt":29,"minecraft:oak_leaves":6},"minecraft:custom":{"minecraft:interact_with_smithing_table":2,"minecraft:mob_kills":75,"minecraft:animals_bred":8,"minecraft:interact_with_crafting_table":36,"minecraft:bell_ring":420,"minecraft:leave_game":5,"minecraft:time_since_death":154528,"minecraft:climb_one_cm":6328,"minecraft:sprint_one_cm":469440,"minecraft:walk_one_cm":401027,"minecraft:damage_blocked_by_shield":180,"minecraft:drop":47,"minecraft:talked_to_villager":16,"minecraft:play_time":154528,"minecraft:sneak_time":2753,"minecraft:walk_under_water_one_cm":8942,"minecraft:boat_one_cm":264115,"minecraft:jump":4291,"minecraft:interact_with_blast_furnace":1,"minecraft:walk_on_water_one_cm":6328,"minecraft:total_world_time":154528,"minecraft:interact_with_furnace":22,"minecraft:sleep_in_bed":8,"minecraft:time_since_rest":4589,"minecraft:damage_taken":1227,"minecraft:damage_dealt":11592,"minecraft:swim_one_cm":16416,"minecraft:fly_one_cm":1150964,"minecraft:open_chest":29,"minecraft:crouch_one_cm":6200,"minecraft:fall_one_cm":109743},"minecraft:picked_up":{"minecraft:crafting_table":8,"minecraft:wheat":55,"minecraft:ladder":1,"minecraft:nether_wart":18,"minecraft:smithing_table":3,"minecraft:string":9,"minecraft:oak_trapdoor":2,"minecraft:flint_and_steel":1,"minecraft:gold_nugget":40,"minecraft:beef":62,"minecraft:oak_boat":5,"minecraft:poppy":4,"minecraft:sugar_cane":210,"minecraft:melon_slice":10,"minecraft:chest":5,"minecraft:composter":8,"minecraft:carrot":3,"minecraft:stone_sword":1,"minecraft:arrow":2,"minecraft:rotten_flesh":12,"minecraft:hay_block":30,"minecraft:mutton":36,"minecraft:cobblestone":101,"minecraft:white_wool":18,"minecraft:oxeye_daisy":1,"minecraft:basalt":4,"minecraft:leather":40,"minecraft:smoker":1,"minecraft:potato":2,"minecraft:oak_log":96,"minecraft:yellow_bed":22,"minecraft:dirt":63,"minecraft:wheat_seeds":158,"minecraft:bell":18,"minecraft:iron_ingot":35,"minecraft:soul_sand":3,"minecraft:oak_planks":42,"minecraft:dandelion":7,"minecraft:white_bed":13,"minecraft:grass_block":1,"minecraft:oak_sapling":3,"minecraft:black_wool":1,"minecraft:ender_pearl":2},"minecraft:crafted":{"minecraft:grindstone":1,"minecraft:oak_planks":292,"minecraft:smooth_stone":16,"minecraft:leather_leggings":2,"minecraft:furnace":3,"minecraft:blast_furnace":1,"minecraft:stone":19,"minecraft:oak_trapdoor":2,"minecraft:iron_boots":1,"minecraft:iron_axe":1,"minecraft:stone_pickaxe":1,"minecraft:golden_boots":1,"minecraft:wheat":234,"minecraft:cooked_beef":44,"minecraft:crafting_table":5,"minecraft:wooden_pickaxe":1,"minecraft:iron_helmet":1,"minecraft:iron_sword":1,"minecraft:smithing_table":1,"minecraft:leather_helmet":1,"minecraft:bucket":2,"minecraft:stone_axe":2,"minecraft:bread":78,"minecraft:air":0,"minecraft:oak_boat":1,"minecraft:wooden_hoe":1,"minecraft:white_wool":1,"minecraft:iron_chestplate":1,"minecraft:shield":1,"minecraft:stick":24,"minecraft:stone_slab":6,"minecraft:leather_chestplate":2,"minecraft:iron_pickaxe":1,"minecraft:wooden_axe":1,"minecraft:stone_sword":2,"minecraft:gold_ingot":4,"minecraft:iron_leggings":1,"minecraft:white_bed":3},"minecraft:killed":{"minecraft:spider":7,"minecraft:horse":8,"minecraft:skeleton":1,"minecraft:drowned":1,"minecraft:iron_golem":1,"minecraft:sheep":14,"minecraft:zombie":11,"minecraft:villager":1,"minecraft:enderman":1,"minecraft:cow":30}},"DataVersion":3953}