{"stats":{"minecraft:used":{"minecraft:melon_slice":13,"minecraft:stone_pickaxe":13,"minecraft:jungle_log":2,"minecraft:wooden_pickaxe":26,"minecraft:stone_axe":42,"minecraft:crafting_table":2},"minecraft:picked_up":{"minecraft:stick":1,"minecraft:crafting_table":2,"minecraft:jungle_log":11,"minecraft:leather":3,"minecraft:brown_mushroom":1,"minecraft:porkchop":5,"minecraft:oak_log":13,"minecraft:wheat_seeds":3,"minecraft:beef":10,"minecraft:gray_wool":1,"minecraft:white_wool":11,"minecraft:black_wool":1,"minecraft:melon_slice":53,"minecraft:sugar_cane":3,"minecraft:mutton":22,"minecraft:coal":14,"minecraft:cobblestone":24},"minecraft:killed":{"minecraft:sheep":13,"minecraft:pig":3,"minecraft:cow":4},"minecraft:custom":{"minecraft:time_since_rest":17006,"minecraft:sprint_one_cm":62047,"minecraft:damage_taken":80,"minecraft:walk_one_cm":47319,"minecraft:mob_kills":20,"minecraft:damage_dealt":1750,"minecraft:swim_one_cm":3806,"minecraft:interact_with_crafting_table":2,"minecraft:fly_one_cm":102487,"minecraft:crouch_one_cm":1088,"minecraft:play_time":17006,"minecraft:sneak_time":273,"minecraft:walk_under_water_one_cm":26,"minecraft:jump":568,"minecraft:leave_game":2,"minecraft:time_since_death":17006,"minecraft:walk_on_water_one_cm":471,"minecraft:total_world_time":17006,"minecraft:climb_one_cm":618,"minecraft:fall_one_cm":13789},"minecraft:mined":{"minecraft:brown_mushroom":1,"minecraft:jungle_leaves":1,"minecraft:birch_leaves":5,"minecraft:crafting_table":2,"minecraft:short_grass":15,"minecraft:oak_log":15,"minecraft:coal_ore":14,"minecraft:melon":9,"minecraft:vine":1,"minecraft:jungle_log":11,"minecraft:tall_grass":1,"minecraft:stone":24,"minecraft:sugar_cane":1,"minecraft:oak_leaves":4,"minecraft:fern":5},"minecraft:crafted":{"minecraft:crafting_table":1,"minecraft:stick":8,"minecraft:wooden_pickaxe":1,"minecraft:stone_pickaxe":1,"minecraft:stone_axe":1,"minecraft:jungle_planks":36}},"DataVersion":3953}