{"stats":{"minecraft:dropped":{"minecraft:iron_ingot":108,"minecraft:bread":45,"minecraft:iron_sword":1,"minecraft:soul_sand":3,"minecraft:wheat_seeds":79,"minecraft:diamond_axe":1,"minecraft:cooked_beef":17,"minecraft:oak_log":23,"minecraft:diamond_leggings":1,"minecraft:iron_helmet":1,"minecraft:granite":2,"minecraft:chainmail_helmet":13,"minecraft:grass_block":1,"minecraft:leather_helmet":1,"minecraft:coal":62,"minecraft:stick":1,"minecraft:oxeye_daisy":1,"minecraft:lava_bucket":1,"minecraft:dirt":15,"minecraft:diamond_helmet":1,"minecraft:iron_leggings":1,"minecraft:iron_pickaxe":1,"minecraft:chainmail_leggings":12,"minecraft:string":2,"minecraft:dandelion":4,"minecraft:bone":16,"minecraft:stone_axe":14,"minecraft:stone_sword":2,"minecraft:bowl":4,"minecraft:raw_iron":1,"minecraft:beetroot":7,"minecraft:rotten_flesh":6,"minecraft:oak_planks":17,"minecraft:iron_boots":1,"minecraft:stone_slab":5,"minecraft:white_bed":1,"minecraft:diamond_sword":1,"minecraft:poppy":308,"minecraft:leather_chestplate":2,"minecraft:diamond_chestplate":1,"minecraft:iron_chestplate":1,"minecraft:yellow_bed":3,"minecraft:oak_sapling":2,"minecraft:oak_boat":2,"minecraft:ladder":1,"minecraft:leather_leggings":2,"minecraft:diamond_boots":1,"minecraft:arrow":2,"minecraft:stone_pickaxe":1,"minecraft:black_wool":1},"minecraft:custom":{"minecraft:interact_with_smithing_table":2,"minecraft:mob_kills":123,"minecraft:animals_bred":34,"minecraft:interact_with_crafting_table":43,"minecraft:bell_ring":420,"minecraft:leave_game":12,"minecraft:time_since_death":398268,"minecraft:climb_one_cm":29534,"minecraft:sprint_one_cm":915756,"minecraft:walk_one_cm":797448,"minecraft:damage_blocked_by_shield":977,"minecraft:drop":136,"minecraft:talked_to_villager":221,"minecraft:play_time":398268,"minecraft:sneak_time":8319,"minecraft:walk_under_water_one_cm":10169,"minecraft:boat_one_cm":296591,"minecraft:jump":9308,"minecraft:interact_with_blast_furnace":2,"minecraft:walk_on_water_one_cm":10510,"minecraft:total_world_time":398268,"minecraft:interact_with_furnace":28,"minecraft:traded_with_villager":439,"minecraft:interact_with_grindstone":3,"minecraft:sleep_in_bed":19,"minecraft:time_since_rest":30601,"minecraft:damage_taken":1956,"minecraft:damage_dealt":21375,"minecraft:swim_one_cm":23719,"minecraft:fly_one_cm":2543675,"minecraft:open_chest":119,"minecraft:crouch_one_cm":28664,"minecraft:fall_one_cm":228963},"minecraft:crafted":{"minecraft:golden_carrot":6,"minecraft:grindstone":1,"minecraft:cookie":144,"minecraft:smooth_stone":16,"minecraft:oak_planks":308,"minecraft:chainmail_helmet":12,"minecraft:leather_leggings":2,"minecraft:furnace":3,"minecraft:blast_furnace":1,"minecraft:stone":19,"minecraft:suspicious_stew":7,"minecraft:oak_trapdoor":2,"minecraft:diamond_helmet":2,"minecraft:diamond_leggings":2,"minecraft:iron_boots":1,"minecraft:iron_axe":1,"minecraft:stone_pickaxe":1,"minecraft:chest":2,"minecraft:diamond_boots":2,"minecraft:chainmail_leggings":12,"minecraft:golden_boots":1,"minecraft:wheat":234,"minecraft:cooked_beef":44,"minecraft:diamond_sword":2,"minecraft:emerald":353,"minecraft:diamond_axe":2,"minecraft:crafting_table":6,"minecraft:wooden_pickaxe":1,"minecraft:iron_helmet":1,"minecraft:iron_sword":1,"minecraft:smithing_table":1,"minecraft:leather_helmet":1,"minecraft:bucket":3,"minecraft:stone_axe":13,"minecraft:air":0,"minecraft:bread":138,"minecraft:apple":48,"minecraft:oak_boat":2,"minecraft:white_wool":1,"minecraft:iron_chestplate":1,"minecraft:wooden_hoe":1,"minecraft:shield":1,"minecraft:stick":36,"minecraft:stone_slab":6,"minecraft:leather_chestplate":2,"minecraft:iron_pickaxe":2,"minecraft:wooden_axe":1,"minecraft:stone_sword":2,"minecraft:gold_ingot":4,"minecraft:iron_leggings":1,"minecraft:white_bed":3,"minecraft:torch":44,"minecraft:diamond_chestplate":2},"minecraft:used":{"minecraft:oak_trapdoor":7,"minecraft:stone_sword":204,"minecraft:flint_and_steel":1,"minecraft:chest":7,"minecraft:shield":17,"minecraft:iron_sword":9,"minecraft:bell":17,"minecraft:rotten_flesh":10,"minecraft:torch":51,"minecraft:dirt":148,"minecraft:wooden_axe":43,"minecraft:lava_bucket":47,"minecraft:iron_axe":58,"minecraft:golden_carrot":4,"minecraft:bow":3,"minecraft:furnace":2,"minecraft:cooked_beef":27,"minecraft:golden_boots":1,"minecraft:wheat_seeds":170,"minecraft:water_bucket":37,"minecraft:diorite":3,"minecraft:stone_pickaxe":85,"minecraft:oak_planks":217,"minecraft:wooden_pickaxe":61,"minecraft:sugar_cane":61,"minecraft:diamond_axe":32,"minecraft:crafting_table":13,"minecraft:blast_furnace":2,"minecraft:white_bed":21,"minecraft:wooden_hoe":46,"minecraft:bread":33,"minecraft:melon_slice":10,"minecraft:iron_pickaxe":248,"minecraft:suspicious_stew":4,"minecraft:stone_axe":134,"minecraft:diamond_sword":118,"minecraft:cobblestone":52,"minecraft:grindstone":1,"minecraft:smithing_table":4,"minecraft:bucket":87,"minecraft:yellow_bed":17,"minecraft:oak_boat":14},"minecraft:broken":{"minecraft:stone_sword":1,"minecraft:wooden_pickaxe":1,"minecraft:stone_axe":1,"minecraft:wooden_axe":1},"minecraft:killed":{"minecraft:spider":17,"minecraft:skeleton":13,"minecraft:horse":8,"minecraft:drowned":1,"minecraft:iron_golem":1,"minecraft:creeper":3,"minecraft:sheep":14,"minecraft:zombie":31,"minecraft:villager":1,"minecraft:enderman":3,"minecraft:cow":30},"minecraft:picked_up":{"minecraft:crafting_table":9,"minecraft:wheat":121,"minecraft:ladder":1,"minecraft:nether_wart":18,"minecraft:smithing_table":3,"minecraft:string":19,"minecraft:oak_trapdoor":5,"minecraft:flint_and_steel":1,"minecraft:beetroot":7,"minecraft:gold_nugget":40,"minecraft:beef":62,"minecraft:oak_boat":17,"minecraft:poppy":4,"minecraft:sugar_cane":305,"minecraft:melon_slice":10,"minecraft:chest":5,"minecraft:raw_iron":1,"minecraft:composter":8,"minecraft:torch":7,"minecraft:diorite":3,"minecraft:carrot":24,"minecraft:stone_sword":1,"minecraft:arrow":14,"minecraft:rotten_flesh":45,"minecraft:beetroot_seeds":22,"minecraft:hay_block":30,"minecraft:mutton":36,"minecraft:white_wool":18,"minecraft:cobblestone":143,"minecraft:oxeye_daisy":1,"minecraft:cooked_beef":8,"minecraft:basalt":4,"minecraft:leather":48,"minecraft:smoker":1,"minecraft:potato":59,"minecraft:oak_log":100,"minecraft:yellow_bed":22,"minecraft:gunpowder":2,"minecraft:lapis_lazuli":12,"minecraft:dirt":200,"minecraft:bone":20,"minecraft:bow":1,"minecraft:wheat_seeds":353,"minecraft:bell":18,"minecraft:iron_ingot":45,"minecraft:oak_planks":115,"minecraft:soul_sand":3,"minecraft:oak_slab":5,"minecraft:dandelion":8,"minecraft:blast_furnace":1,"minecraft:white_bed":24,"minecraft:grass_block":2,"minecraft:stone_axe":2,"minecraft:granite":2,"minecraft:chainmail_helmet":1,"minecraft:emerald":12,"minecraft:oak_sapling":4,"minecraft:black_wool":1,"minecraft:coal":224,"minecraft:ender_pearl":4},"minecraft:mined":{"minecraft:nether_gold_ore":10,"minecraft:white_bed":24,"minecraft:jungle_leaves":2,"minecraft:granite":2,"minecraft:grass_block":58,"minecraft:composter":4,"minecraft:nether_wart":20,"minecraft:hay_block":28,"minecraft:oak_trapdoor":4,"minecraft:carrots":6,"minecraft:iron_ore":1,"minecraft:fire":2,"minecraft:bell":17,"minecraft:potatoes":15,"minecraft:stone":144,"minecraft:smithing_table":3,"minecraft:soul_sand":3,"minecraft:smoker":1,"minecraft:basalt":7,"minecraft:dandelion":1,"minecraft:crafting_table":9,"minecraft:torch":7,"minecraft:short_grass":69,"minecraft:blast_furnace":1,"minecraft:melon":2,"minecraft:chest":5,"minecraft:tall_grass":17,"minecraft:cobblestone":4,"minecraft:lapis_ore":2,"minecraft:oak_planks":99,"minecraft:sugar_cane":209,"minecraft:diorite":3,"minecraft:seagrass":1,"minecraft:wheat":138,"minecraft:yellow_bed":22,"minecraft:oak_log":100,"minecraft:coal_ore":193,"minecraft:beetroots":7,"minecraft:dirt":33,"minecraft:oak_leaves":7}},"DataVersion":3953}