{"stats":{"minecraft:used":{"minecraft:crafting_table":1,"minecraft:jungle_log":2,"minecraft:wooden_pickaxe":25},"minecraft:picked_up":{"minecraft:stick":1,"minecraft:crafting_table":1,"minecraft:jungle_log":11,"minecraft:wheat_seeds":3,"minecraft:beef":3,"minecraft:coal":1,"minecraft:melon_slice":53,"minecraft:cobblestone":23},"minecraft:killed":{"minecraft:cow":1},"minecraft:custom":{"minecraft:time_since_rest":5320,"minecraft:crouch_one_cm":106,"minecraft:play_time":5320,"minecraft:sprint_one_cm":6866,"minecraft:damage_taken":10,"minecraft:walk_one_cm":14019,"minecraft:sneak_time":35,"minecraft:mob_kills":1,"minecraft:jump":96,"minecraft:damage_dealt":110,"minecraft:time_since_death":5320,"minecraft:total_world_time":5320,"minecraft:climb_one_cm":618,"minecraft:interact_with_crafting_table":1,"minecraft:fly_one_cm":13480,"minecraft:fall_one_cm":4122},"minecraft:mined":{"minecraft:short_grass":12,"minecraft:coal_ore":1,"minecraft:melon":9,"minecraft:vine":1,"minecraft:jungle_log":11,"minecraft:jungle_leaves":1,"minecraft:stone":23,"minecraft:crafting_table":1,"minecraft:fern":5},"minecraft:crafted":{"minecraft:crafting_table":1,"minecraft:stick":8,"minecraft:wooden_pickaxe":1,"minecraft:jungle_planks":36}},"DataVersion":3953}