{"stats":{"minecraft:used":{"minecraft:chest":8,"minecraft:shield":18,"minecraft:iron_sword":9,"minecraft:bell":17,"minecraft:rotten_flesh":10,"minecraft:furnace_minecart":1,"minecraft:lava_bucket":83,"minecraft:bow":180,"minecraft:furnace":3,"minecraft:golden_boots":1,"minecraft:diorite":3,"minecraft:stone_pickaxe":85,"minecraft:oak_planks":231,"minecraft:wooden_pickaxe":61,"minecraft:diamond_axe":111,"minecraft:sugar_cane":61,"minecraft:blast_furnace":2,"minecraft:shears":1,"minecraft:bread":60,"minecraft:melon_slice":10,"minecraft:lectern":7,"minecraft:gravel":35,"minecraft:diamond_sword":216,"minecraft:grindstone":1,"minecraft:smithing_table":4,"minecraft:oak_boat":14,"minecraft:experience_bottle":12,"minecraft:oak_trapdoor":14,"minecraft:stone_sword":204,"minecraft:flint_and_steel":1,"minecraft:torch":51,"minecraft:dragon_egg":1,"minecraft:dirt":219,"minecraft:wooden_axe":43,"minecraft:bookshelf":2,"minecraft:iron_axe":58,"minecraft:golden_carrot":32,"minecraft:minecart":1,"minecraft:cooked_beef":27,"minecraft:wheat_seeds":191,"minecraft:water_bucket":52,"minecraft:fletching_table":1,"minecraft:crafting_table":14,"minecraft:white_bed":34,"minecraft:wooden_hoe":46,"minecraft:ender_eye":1,"minecraft:diamond_pickaxe":131,"minecraft:suspicious_stew":4,"minecraft:iron_pickaxe":255,"minecraft:stone_axe":134,"minecraft:cobblestone":52,"minecraft:bucket":137,"minecraft:yellow_bed":17},"minecraft:picked_up":{"minecraft:wheat":140,"minecraft:nether_brick_fence":1,"minecraft:smithing_table":3,"minecraft:lead":3,"minecraft:diamond_sword":4,"minecraft:string":25,"minecraft:raw_copper":5,"minecraft:beetroot":7,"minecraft:diamond_leggings":1,"minecraft:gold_nugget":40,"minecraft:ender_eye":1,"minecraft:melon_slice":10,"minecraft:stick":1,"minecraft:composter":8,"minecraft:torch":7,"minecraft:diorite":4,"minecraft:stone_sword":2,"minecraft:rotten_flesh":59,"minecraft:iron_block":43,"minecraft:blaze_rod":6,"minecraft:cobblestone":242,"minecraft:furnace_minecart":1,"minecraft:cooked_beef":8,"minecraft:water_bucket":1,"minecraft:andesite":2,"minecraft:smoker":1,"minecraft:potato":59,"minecraft:flint":2,"minecraft:lapis_lazuli":128,"minecraft:dirt":458,"minecraft:bone":25,"minecraft:bow":14,"minecraft:wheat_seeds":412,"minecraft:bell":18,"minecraft:diamond_helmet":1,"minecraft:glowstone_dust":20,"minecraft:oak_planks":121,"minecraft:grass_block":2,"minecraft:granite":2,"minecraft:emerald":51,"minecraft:chainmail_helmet":1,"minecraft:oak_sapling":4,"minecraft:diamond_pickaxe":2,"minecraft:crafting_table":9,"minecraft:ladder":1,"minecraft:nether_wart":29,"minecraft:shield":1,"minecraft:oak_trapdoor":10,"minecraft:flint_and_steel":2,"minecraft:beef":150,"minecraft:oak_boat":18,"minecraft:poppy":6,"minecraft:minecart":1,"minecraft:lectern":7,"minecraft:sugar_cane":305,"minecraft:chest":5,"minecraft:raw_iron":2,"minecraft:carrot":24,"minecraft:arrow":73,"minecraft:diamond_chestplate":2,"minecraft:beetroot_seeds":22,"minecraft:diamond_boots":1,"minecraft:hay_block":30,"minecraft:mutton":36,"minecraft:white_wool":18,"minecraft:oxeye_daisy":3,"minecraft:basalt":4,"minecraft:golden_carrot":74,"minecraft:leather":100,"minecraft:oak_log":119,"minecraft:golden_boots":1,"minecraft:yellow_bed":22,"minecraft:gunpowder":5,"minecraft:paper":51,"minecraft:stone_bricks":1,"minecraft:iron_ingot":97,"minecraft:soul_sand":8,"minecraft:book":6,"minecraft:oak_slab":5,"minecraft:emerald_block":28,"minecraft:dandelion":8,"minecraft:lava_bucket":1,"minecraft:gravel":36,"minecraft:blast_furnace":1,"minecraft:white_bed":36,"minecraft:dragon_egg":1,"minecraft:spider_eye":5,"minecraft:pumpkin_seeds":4,"minecraft:stone_axe":2,"minecraft:diamond_axe":1,"minecraft:black_wool":1,"minecraft:coal":227,"minecraft:ender_pearl":12},"minecraft:dropped":{"minecraft:iron_sword":1,"minecraft:soul_sand":3,"minecraft:diamond_axe":2,"minecraft:lapis_lazuli":31,"minecraft:cooked_beef":25,"minecraft:oak_log":30,"minecraft:ender_pearl":6,"minecraft:diamond":5,"minecraft:crossbow":8,"minecraft:cookie":144,"minecraft:leather":2,"minecraft:leather_helmet":1,"minecraft:emerald":39,"minecraft:dirt":143,"minecraft:iron_pickaxe":2,"minecraft:bone":20,"minecraft:gravel":1,"minecraft:stone_axe":14,"minecraft:emerald_block":39,"minecraft:beetroot":7,"minecraft:rotten_flesh":49,"minecraft:oak_planks":18,"minecraft:glowstone_dust":1,"minecraft:white_bed":1,"minecraft:poppy":310,"minecraft:leather_chestplate":2,"minecraft:gunpowder":3,"minecraft:beetroot_seeds":22,"minecraft:ladder":1,"minecraft:leather_leggings":2,"minecraft:arrow":137,"minecraft:beef":24,"minecraft:water_bucket":1,"minecraft:iron_ingot":142,"minecraft:bread":78,"minecraft:wheat_seeds":117,"minecraft:diamond_leggings":2,"minecraft:iron_helmet":1,"minecraft:cobblestone":82,"minecraft:lead":1,"minecraft:granite":2,"minecraft:chainmail_helmet":13,"minecraft:grass_block":1,"minecraft:coal":64,"minecraft:stick":6,"minecraft:oxeye_daisy":3,"minecraft:lava_bucket":1,"minecraft:iron_block":18,"minecraft:golden_carrot":26,"minecraft:diamond_helmet":2,"minecraft:iron_leggings":1,"minecraft:paper":51,"minecraft:chainmail_leggings":12,"minecraft:string":12,"minecraft:bucket":1,"minecraft:dandelion":4,"minecraft:stone_sword":2,"minecraft:blaze_rod":6,"minecraft:raw_copper":5,"minecraft:bowl":4,"minecraft:raw_iron":2,"minecraft:iron_boots":1,"minecraft:stone_slab":5,"minecraft:shears":1,"minecraft:pumpkin_seeds":4,"minecraft:flint_and_steel":1,"minecraft:suspicious_stew":3,"minecraft:diamond_sword":5,"minecraft:shield":1,"minecraft:diamond_chestplate":3,"minecraft:diamond_pickaxe":2,"minecraft:iron_chestplate":1,"minecraft:andesite":2,"minecraft:yellow_bed":3,"minecraft:oak_boat":2,"minecraft:oak_sapling":2,"minecraft:spider_eye":5,"minecraft:stone_bricks":1,"minecraft:diamond_boots":2,"minecraft:bow":25,"minecraft:stone_pickaxe":1,"minecraft:black_wool":1},"minecraft:killed":{"minecraft:witch":1,"minecraft:spider":21,"minecraft:skeleton":16,"minecraft:silverfish":1,"minecraft:magma_cube":4,"minecraft:iron_golem":1,"minecraft:ender_dragon":1,"minecraft:creeper":6,"minecraft:sheep":15,"minecraft:trader_llama":2,"minecraft:zombie":38,"minecraft:blaze":13,"minecraft:cow":75,"minecraft:horse":8,"minecraft:drowned":1,"minecraft:wandering_trader":1,"minecraft:wither_skeleton":3,"minecraft:villager":1,"minecraft:enderman":3},"minecraft:custom":{"minecraft:animals_bred":62,"minecraft:interact_with_crafting_table":66,"minecraft:bell_ring":510,"minecraft:leave_game":19,"minecraft:time_since_death":37804,"minecraft:sprint_one_cm":1509656,"minecraft:damage_blocked_by_shield":1037,"minecraft:drop":280,"minecraft:talked_to_villager":451,"minecraft:play_time":801066,"minecraft:deaths":1,"minecraft:jump":14908,"minecraft:walk_on_water_one_cm":37594,"minecraft:enchant_item":16,"minecraft:interact_with_furnace":34,"minecraft:traded_with_villager":1178,"minecraft:sleep_in_bed":35,"minecraft:damage_dealt":30095,"minecraft:crouch_one_cm":55044,"minecraft:interact_with_smithing_table":3,"minecraft:mob_kills":218,"minecraft:interact_with_anvil":11,"minecraft:inspect_hopper":3,"minecraft:climb_one_cm":49660,"minecraft:walk_one_cm":1319648,"minecraft:sneak_time":15988,"minecraft:walk_under_water_one_cm":11328,"minecraft:boat_one_cm":360373,"minecraft:interact_with_blast_furnace":4,"minecraft:total_world_time":801066,"minecraft:interact_with_grindstone":21,"minecraft:time_since_rest":25950,"minecraft:damage_taken":4331,"minecraft:swim_one_cm":30041,"minecraft:fly_one_cm":4832791,"minecraft:open_chest":264,"minecraft:fall_one_cm":372962},"minecraft:mined":{"minecraft:white_bed":35,"minecraft:jungle_leaves":2,"minecraft:granite":2,"minecraft:grass_block":62,"minecraft:composter":4,"minecraft:nether_wart":30,"minecraft:glowstone":5,"minecraft:iron_ore":3,"minecraft:fire":11,"minecraft:dirt_path":1,"minecraft:smoker":1,"minecraft:torch":7,"minecraft:blast_furnace":1,"minecraft:melon":2,"minecraft:chest":5,"minecraft:cobblestone":5,"minecraft:sugar_cane":209,"minecraft:oak_planks":105,"minecraft:seagrass":1,"minecraft:wheat":158,"minecraft:oak_log":104,"minecraft:beetroots":7,"minecraft:dirt":56,"minecraft:oak_leaves":7,"minecraft:nether_gold_ore":10,"minecraft:hay_block":28,"minecraft:oak_trapdoor":10,"minecraft:carrots":6,"minecraft:andesite":2,"minecraft:bell":17,"minecraft:nether_brick_fence":1,"minecraft:bookshelf":2,"minecraft:potatoes":15,"minecraft:stone":248,"minecraft:smithing_table":3,"minecraft:soul_sand":8,"minecraft:basalt":7,"minecraft:dandelion":1,"minecraft:crafting_table":9,"minecraft:short_grass":112,"minecraft:lectern":8,"minecraft:tall_grass":31,"minecraft:copper_ore":2,"minecraft:lapis_ore":2,"minecraft:diorite":4,"minecraft:yellow_bed":22,"minecraft:coal_ore":195,"minecraft:gravel":35,"minecraft:cobweb":3,"minecraft:stone_bricks":1},"minecraft:killed_by":{"minecraft:zombie":1},"minecraft:crafted":{"minecraft:grindstone":1,"minecraft:oak_planks":324,"minecraft:smooth_stone":16,"minecraft:chainmail_helmet":12,"minecraft:stone":19,"minecraft:bookshelf":2,"minecraft:suspicious_stew":7,"minecraft:diamond_helmet":2,"minecraft:bow":12,"minecraft:diamond_leggings":2,"minecraft:iron_boots":1,"minecraft:chest":3,"minecraft:golden_boots":1,"minecraft:furnace_minecart":1,"minecraft:emerald":1124,"minecraft:arrow":288,"minecraft:diamond_axe":2,"minecraft:crafting_table":7,"minecraft:iron_helmet":1,"minecraft:wooden_pickaxe":1,"minecraft:smithing_table":1,"minecraft:fletching_table":1,"minecraft:apple":48,"minecraft:wooden_hoe":1,"minecraft:iron_chestplate":1,"minecraft:book":1,"minecraft:diamond_pickaxe":3,"minecraft:charcoal":1,"minecraft:emerald_block":37,"minecraft:shield":3,"minecraft:stick":40,"minecraft:stone_slab":6,"minecraft:leather_chestplate":2,"minecraft:iron_ingot":1000,"minecraft:iron_pickaxe":2,"minecraft:iron_block":109,"minecraft:stone_sword":2,"minecraft:gold_ingot":4,"minecraft:shears":1,"minecraft:golden_carrot":42,"minecraft:cookie":144,"minecraft:leather_leggings":2,"minecraft:experience_bottle":12,"minecraft:furnace":5,"minecraft:blast_furnace":1,"minecraft:oak_trapdoor":4,"minecraft:iron_axe":1,"minecraft:stone_pickaxe":1,"minecraft:diamond_boots":2,"minecraft:chainmail_leggings":12,"minecraft:minecart":2,"minecraft:wheat":234,"minecraft:cooked_beef":44,"minecraft:crossbow":8,"minecraft:diamond_sword":4,"minecraft:iron_sword":1,"minecraft:leather_helmet":1,"minecraft:bucket":3,"minecraft:stone_axe":13,"minecraft:enchanted_book":7,"minecraft:air":0,"minecraft:bread":138,"minecraft:oak_boat":2,"minecraft:white_wool":1,"minecraft:wooden_axe":1,"minecraft:iron_leggings":1,"minecraft:white_bed":3,"minecraft:torch":44,"minecraft:lapis_lazuli":36,"minecraft:diamond_chestplate":2},"minecraft:broken":{"minecraft:stone_axe":1,"minecraft:wooden_axe":1,"minecraft:stone_sword":1,"minecraft:wooden_pickaxe":1}},"DataVersion":3953}