{"stats":{"minecraft:used":{"minecraft:stone_shovel":262,"minecraft:spruce_planks":27,"minecraft:chest":8,"minecraft:shield":49,"minecraft:iron_sword":130,"minecraft:bell":3,"minecraft:cooked_chicken":1,"minecraft:rotten_flesh":2,"minecraft:iron_chestplate":1,"minecraft:torch":18,"minecraft:dirt":6,"minecraft:carrot":4,"minecraft:tuff":6,"minecraft:granite":15,"minecraft:spruce_boat":2,"minecraft:iron_helmet":1,"minecraft:bow":10,"minecraft:sweet_berries":34,"minecraft:furnace":1,"minecraft:cooked_beef":8,"minecraft:cobbled_deepslate":67,"minecraft:iron_leggings":1,"minecraft:diorite":31,"minecraft:stone_pickaxe":138,"minecraft:baked_potato":7,"minecraft:wooden_pickaxe":5,"minecraft:blue_bed":10,"minecraft:sugar_cane":79,"minecraft:crafting_table":7,"minecraft:blast_furnace":3,"minecraft:bread":9,"minecraft:iron_pickaxe":162,"minecraft:stone_axe":212,"minecraft:cobblestone":63,"minecraft:purple_bed":6,"minecraft:cooked_porkchop":6,"minecraft:pumpkin_pie":1,"minecraft:bone_meal":7},"minecraft:picked_up":{"minecraft:crafting_table":5,"minecraft:chicken":1,"minecraft:wooden_pickaxe":1,"minecraft:string":16,"minecraft:cobbled_deepslate":67,"minecraft:spruce_planks":7,"minecraft:beef":16,"minecraft:iron_pickaxe":1,"minecraft:sugar_cane":79,"minecraft:chest":8,"minecraft:egg":1,"minecraft:iron_boots":1,"minecraft:furnace":1,"minecraft:raw_iron":41,"minecraft:stick":22,"minecraft:torch":19,"minecraft:diorite":31,"minecraft:redstone":39,"minecraft:stone_sword":1,"minecraft:arrow":15,"minecraft:rotten_flesh":8,"minecraft:pumpkin_pie":1,"minecraft:cobblestone":94,"minecraft:leather":8,"minecraft:fern":1,"minecraft:potato":15,"minecraft:tuff":6,"minecraft:gunpowder":4,"minecraft:blue_bed":12,"minecraft:lapis_lazuli":35,"minecraft:dirt":11,"minecraft:bone":23,"minecraft:kelp":251,"minecraft:bow":1,"minecraft:raw_gold":4,"minecraft:bell":4,"minecraft:stone_pickaxe":1,"minecraft:grindstone":2,"minecraft:cooked_porkchop":6,"minecraft:sweet_berries":40,"minecraft:gravel":3,"minecraft:sand":265,"minecraft:spruce_sapling":34,"minecraft:blast_furnace":4,"minecraft:spruce_log":159,"minecraft:spider_eye":6,"minecraft:pumpkin_seeds":30,"minecraft:purple_bed":8,"minecraft:stone_axe":4,"minecraft:diamond":17,"minecraft:granite":15,"minecraft:spruce_sign":1,"minecraft:bread":9,"minecraft:emerald":5,"minecraft:coal":6},"minecraft:dropped":{"minecraft:golden_boots":1,"minecraft:iron_ingot":1,"minecraft:cooked_beef":8,"minecraft:baked_potato":8,"minecraft:golden_pickaxe":1,"minecraft:cobblestone":12,"minecraft:dirt":4,"minecraft:sand":131,"minecraft:string":8,"minecraft:spruce_sapling":2,"minecraft:gravel":3,"minecraft:stone_axe":4,"minecraft:sweet_berries":6,"minecraft:rotten_flesh":3,"minecraft:fern":1,"minecraft:pumpkin_seeds":30,"minecraft:carrot":12,"minecraft:shield":1,"minecraft:gunpowder":1,"minecraft:spruce_planks":8,"minecraft:spider_eye":3,"minecraft:arrow":14,"minecraft:bow":1},"minecraft:killed":{"minecraft:spider":10,"minecraft:skeleton":16,"minecraft:creeper":4,"minecraft:zombie":14,"minecraft:cow":8},"minecraft:custom":{"minecraft:mob_kills":52,"minecraft:interact_with_crafting_table":18,"minecraft:bell_ring":46,"minecraft:leave_game":4,"minecraft:time_since_death":163364,"minecraft:sprint_one_cm":445363,"minecraft:walk_one_cm":515795,"minecraft:damage_blocked_by_shield":2776,"minecraft:drop":45,"minecraft:talked_to_villager":10,"minecraft:play_time":163364,"minecraft:sneak_time":8735,"minecraft:walk_under_water_one_cm":14715,"minecraft:boat_one_cm":64842,"minecraft:jump":3446,"minecraft:interact_with_blast_furnace":15,"minecraft:walk_on_water_one_cm":31738,"minecraft:total_world_time":163364,"minecraft:interact_with_furnace":21,"minecraft:sleep_in_bed":8,"minecraft:time_since_rest":24104,"minecraft:damage_taken":1676,"minecraft:damage_dealt":8635,"minecraft:swim_one_cm":72063,"minecraft:fly_one_cm":710843,"minecraft:open_chest":42,"minecraft:crouch_one_cm":31297,"minecraft:fall_one_cm":81756},"minecraft:mined":{"minecraft:spruce_planks":12,"minecraft:deepslate_diamond_ore":7,"minecraft:granite":16,"minecraft:grass_block":2,"minecraft:spruce_leaves":44,"minecraft:kelp":4,"minecraft:large_fern":7,"minecraft:furnace":1,"minecraft:iron_ore":22,"minecraft:andesite":8,"minecraft:bell":4,"minecraft:deepslate_iron_ore":7,"minecraft:stone":78,"minecraft:deepslate_redstone_ore":8,"minecraft:kelp_plant":48,"minecraft:crafting_table":5,"minecraft:torch":18,"minecraft:short_grass":6,"minecraft:blast_furnace":4,"minecraft:chest":8,"minecraft:cobblestone":12,"minecraft:lapis_ore":6,"minecraft:deepslate_gold_ore":5,"minecraft:grindstone":2,"minecraft:sugar_cane":53,"minecraft:diorite":31,"minecraft:blue_bed":11,"minecraft:wall_torch":1,"minecraft:seagrass":2,"minecraft:purple_bed":9,"minecraft:sweet_berry_bush":7,"minecraft:spruce_log":147,"minecraft:coal_ore":6,"minecraft:sand":265,"minecraft:dirt":6,"minecraft:deepslate":76,"minecraft:fern":1},"minecraft:crafted":{"minecraft:stone_shovel":2,"minecraft:cooked_chicken":1,"minecraft:furnace":1,"minecraft:bone_meal":33,"minecraft:bow":1,"minecraft:stone_pickaxe":1,"minecraft:spruce_boat":2,"minecraft:cooked_beef":16,"minecraft:crafting_table":2,"minecraft:spruce_planks":80,"minecraft:baked_potato":15,"minecraft:iron_sword":1,"minecraft:stone_axe":2,"minecraft:air":0,"minecraft:shield":2,"minecraft:stick":12,"minecraft:iron_ingot":17,"minecraft:iron_pickaxe":1,"minecraft:iron_leggings":1,"minecraft:diamond_chestplate":1},"minecraft:broken":{"minecraft:stone_pickaxe":2,"minecraft:stone_axe":1,"minecraft:stone_shovel":2}},"DataVersion":3953}