{"stats":{"minecraft:used":{"minecraft:oak_trapdoor":14,"minecraft:stone_sword":204,"minecraft:flint_and_steel":1,"minecraft:chest":8,"minecraft:shield":18,"minecraft:iron_sword":9,"minecraft:bell":17,"minecraft:rotten_flesh":10,"minecraft:torch":51,"minecraft:dirt":214,"minecraft:wooden_axe":43,"minecraft:lava_bucket":63,"minecraft:iron_axe":58,"minecraft:golden_carrot":8,"minecraft:bow":63,"minecraft:furnace":2,"minecraft:cooked_beef":27,"minecraft:golden_boots":1,"minecraft:wheat_seeds":191,"minecraft:water_bucket":42,"minecraft:diorite":3,"minecraft:stone_pickaxe":85,"minecraft:oak_planks":231,"minecraft:wooden_pickaxe":61,"minecraft:sugar_cane":61,"minecraft:diamond_axe":96,"minecraft:fletching_table":1,"minecraft:crafting_table":13,"minecraft:blast_furnace":2,"minecraft:white_bed":28,"minecraft:shears":1,"minecraft:wooden_hoe":46,"minecraft:bread":60,"minecraft:melon_slice":10,"minecraft:suspicious_stew":4,"minecraft:iron_pickaxe":255,"minecraft:gravel":35,"minecraft:stone_axe":134,"minecraft:diamond_sword":151,"minecraft:cobblestone":52,"minecraft:grindstone":1,"minecraft:smithing_table":4,"minecraft:bucket":108,"minecraft:yellow_bed":17,"minecraft:oak_boat":14},"minecraft:picked_up":{"minecraft:crafting_table":9,"minecraft:wheat":140,"minecraft:nether_wart":29,"minecraft:nether_brick_fence":1,"minecraft:ladder":1,"minecraft:smithing_table":3,"minecraft:lead":1,"minecraft:string":19,"minecraft:oak_trapdoor":10,"minecraft:flint_and_steel":1,"minecraft:beetroot":7,"minecraft:gold_nugget":40,"minecraft:beef":150,"minecraft:oak_boat":17,"minecraft:poppy":6,"minecraft:melon_slice":10,"minecraft:sugar_cane":305,"minecraft:chest":5,"minecraft:raw_iron":1,"minecraft:stick":1,"minecraft:composter":8,"minecraft:torch":7,"minecraft:diorite":3,"minecraft:carrot":24,"minecraft:stone_sword":2,"minecraft:diamond_chestplate":1,"minecraft:arrow":14,"minecraft:rotten_flesh":45,"minecraft:beetroot_seeds":22,"minecraft:hay_block":30,"minecraft:iron_block":25,"minecraft:blaze_rod":6,"minecraft:mutton":36,"minecraft:white_wool":18,"minecraft:cobblestone":144,"minecraft:oxeye_daisy":2,"minecraft:cooked_beef":8,"minecraft:basalt":4,"minecraft:golden_carrot":49,"minecraft:leather":98,"minecraft:smoker":1,"minecraft:potato":59,"minecraft:flint":2,"minecraft:oak_log":104,"minecraft:golden_boots":1,"minecraft:yellow_bed":22,"minecraft:gunpowder":2,"minecraft:lapis_lazuli":74,"minecraft:dirt":312,"minecraft:bone":21,"minecraft:bow":13,"minecraft:wheat_seeds":408,"minecraft:bell":18,"minecraft:iron_ingot":45,"minecraft:glowstone_dust":20,"minecraft:oak_planks":119,"minecraft:soul_sand":8,"minecraft:oak_slab":5,"minecraft:dandelion":8,"minecraft:gravel":35,"minecraft:blast_furnace":1,"minecraft:white_bed":30,"minecraft:grass_block":2,"minecraft:pumpkin_seeds":4,"minecraft:stone_axe":2,"minecraft:granite":2,"minecraft:chainmail_helmet":1,"minecraft:emerald":12,"minecraft:oak_sapling":4,"minecraft:black_wool":1,"minecraft:coal":225,"minecraft:ender_pearl":4},"minecraft:dropped":{"minecraft:iron_ingot":108,"minecraft:bread":78,"minecraft:iron_sword":1,"minecraft:soul_sand":3,"minecraft:wheat_seeds":113,"minecraft:diamond_axe":1,"minecraft:cooked_beef":25,"minecraft:oak_log":23,"minecraft:diamond":5,"minecraft:diamond_leggings":1,"minecraft:crossbow":8,"minecraft:iron_helmet":1,"minecraft:cookie":144,"minecraft:lead":1,"minecraft:granite":2,"minecraft:chainmail_helmet":13,"minecraft:grass_block":1,"minecraft:leather_helmet":1,"minecraft:coal":62,"minecraft:stick":6,"minecraft:oxeye_daisy":2,"minecraft:lava_bucket":1,"minecraft:dirt":15,"minecraft:golden_carrot":1,"minecraft:diamond_helmet":1,"minecraft:iron_leggings":1,"minecraft:iron_pickaxe":2,"minecraft:chainmail_leggings":12,"minecraft:string":6,"minecraft:dandelion":4,"minecraft:bone":16,"minecraft:stone_axe":14,"minecraft:stone_sword":2,"minecraft:blaze_rod":6,"minecraft:bowl":4,"minecraft:raw_iron":1,"minecraft:beetroot":7,"minecraft:rotten_flesh":35,"minecraft:oak_planks":18,"minecraft:iron_boots":1,"minecraft:glowstone_dust":1,"minecraft:stone_slab":5,"minecraft:white_bed":1,"minecraft:shears":1,"minecraft:pumpkin_seeds":4,"minecraft:suspicious_stew":3,"minecraft:diamond_sword":1,"minecraft:poppy":310,"minecraft:leather_chestplate":2,"minecraft:diamond_chestplate":2,"minecraft:iron_chestplate":1,"minecraft:beetroot_seeds":22,"minecraft:yellow_bed":3,"minecraft:oak_boat":2,"minecraft:oak_sapling":2,"minecraft:ladder":1,"minecraft:leather_leggings":2,"minecraft:diamond_boots":1,"minecraft:arrow":83,"minecraft:bow":24,"minecraft:beef":24,"minecraft:stone_pickaxe":1,"minecraft:black_wool":1},"minecraft:killed":{"minecraft:spider":18,"minecraft:horse":8,"minecraft:skeleton":13,"minecraft:drowned":1,"minecraft:magma_cube":4,"minecraft:iron_golem":1,"minecraft:creeper":3,"minecraft:sheep":14,"minecraft:zombie":31,"minecraft:wither_skeleton":3,"minecraft:villager":1,"minecraft:blaze":13,"minecraft:enderman":3,"minecraft:cow":75},"minecraft:custom":{"minecraft:interact_with_smithing_table":3,"minecraft:mob_kills":189,"minecraft:animals_bred":62,"minecraft:interact_with_crafting_table":50,"minecraft:bell_ring":496,"minecraft:leave_game":17,"minecraft:time_since_death":508199,"minecraft:climb_one_cm":29534,"minecraft:sprint_one_cm":1241799,"minecraft:walk_one_cm":1059933,"minecraft:damage_blocked_by_shield":1037,"minecraft:drop":208,"minecraft:talked_to_villager":275,"minecraft:play_time":508199,"minecraft:sneak_time":13330,"minecraft:walk_under_water_one_cm":10490,"minecraft:boat_one_cm":320011,"minecraft:jump":12185,"minecraft:interact_with_blast_furnace":4,"minecraft:walk_on_water_one_cm":15875,"minecraft:enchant_item":6,"minecraft:total_world_time":508199,"minecraft:interact_with_furnace":30,"minecraft:traded_with_villager":523,"minecraft:interact_with_grindstone":8,"minecraft:sleep_in_bed":25,"minecraft:time_since_rest":14185,"minecraft:damage_taken":2701,"minecraft:damage_dealt":27531,"minecraft:swim_one_cm":24022,"minecraft:fly_one_cm":3324271,"minecraft:open_chest":169,"minecraft:crouch_one_cm":49906,"minecraft:fall_one_cm":302980},"minecraft:mined":{"minecraft:nether_gold_ore":10,"minecraft:white_bed":29,"minecraft:jungle_leaves":2,"minecraft:granite":2,"minecraft:grass_block":58,"minecraft:composter":4,"minecraft:nether_wart":30,"minecraft:hay_block":28,"minecraft:oak_trapdoor":9,"minecraft:glowstone":5,"minecraft:carrots":6,"minecraft:iron_ore":1,"minecraft:fire":8,"minecraft:bell":17,"minecraft:nether_brick_fence":1,"minecraft:potatoes":15,"minecraft:stone":144,"minecraft:smithing_table":3,"minecraft:soul_sand":8,"minecraft:smoker":1,"minecraft:basalt":7,"minecraft:dandelion":1,"minecraft:crafting_table":9,"minecraft:torch":7,"minecraft:short_grass":97,"minecraft:blast_furnace":1,"minecraft:melon":2,"minecraft:chest":5,"minecraft:tall_grass":31,"minecraft:cobblestone":5,"minecraft:lapis_ore":2,"minecraft:oak_planks":103,"minecraft:sugar_cane":209,"minecraft:diorite":3,"minecraft:seagrass":1,"minecraft:wheat":158,"minecraft:yellow_bed":22,"minecraft:coal_ore":193,"minecraft:oak_log":104,"minecraft:beetroots":7,"minecraft:gravel":34,"minecraft:dirt":38,"minecraft:oak_leaves":7},"minecraft:crafted":{"minecraft:golden_carrot":6,"minecraft:grindstone":1,"minecraft:cookie":144,"minecraft:smooth_stone":16,"minecraft:oak_planks":324,"minecraft:chainmail_helmet":12,"minecraft:leather_leggings":2,"minecraft:furnace":3,"minecraft:blast_furnace":1,"minecraft:stone":19,"minecraft:suspicious_stew":7,"minecraft:oak_trapdoor":4,"minecraft:iron_boots":1,"minecraft:diamond_helmet":2,"minecraft:diamond_leggings":2,"minecraft:bow":12,"minecraft:iron_axe":1,"minecraft:stone_pickaxe":1,"minecraft:chest":3,"minecraft:diamond_boots":2,"minecraft:chainmail_leggings":12,"minecraft:golden_boots":1,"minecraft:wheat":234,"minecraft:cooked_beef":44,"minecraft:crossbow":8,"minecraft:arrow":240,"minecraft:diamond_sword":2,"minecraft:emerald":464,"minecraft:diamond_axe":2,"minecraft:crafting_table":6,"minecraft:wooden_pickaxe":1,"minecraft:iron_helmet":1,"minecraft:iron_sword":1,"minecraft:smithing_table":1,"minecraft:leather_helmet":1,"minecraft:fletching_table":1,"minecraft:bucket":3,"minecraft:stone_axe":13,"minecraft:air":0,"minecraft:bread":138,"minecraft:apple":48,"minecraft:oak_boat":2,"minecraft:emerald_block":6,"minecraft:iron_chestplate":1,"minecraft:white_wool":1,"minecraft:wooden_hoe":1,"minecraft:diamond_pickaxe":1,"minecraft:shield":3,"minecraft:stick":40,"minecraft:stone_slab":6,"minecraft:leather_chestplate":2,"minecraft:iron_pickaxe":2,"minecraft:wooden_axe":1,"minecraft:iron_block":10,"minecraft:stone_sword":2,"minecraft:gold_ingot":4,"minecraft:iron_leggings":1,"minecraft:white_bed":3,"minecraft:torch":44,"minecraft:shears":1,"minecraft:diamond_chestplate":2},"minecraft:broken":{"minecraft:stone_sword":1,"minecraft:wooden_pickaxe":1,"minecraft:stone_axe":1,"minecraft:wooden_axe":1}},"DataVersion":3953}