{"stats":{"minecraft:used":{"minecraft:diorite":31,"minecraft:stone_pickaxe":138,"minecraft:baked_potato":7,"minecraft:chest":8,"minecraft:spruce_planks":26,"minecraft:wooden_pickaxe":5,"minecraft:shield":26,"minecraft:iron_sword":55,"minecraft:sugar_cane":15,"minecraft:blue_bed":10,"minecraft:bell":3,"minecraft:cooked_chicken":1,"minecraft:iron_chestplate":1,"minecraft:torch":18,"minecraft:dirt":5,"minecraft:blast_furnace":3,"minecraft:crafting_table":6,"minecraft:tuff":6,"minecraft:carrot":4,"minecraft:granite":15,"minecraft:bread":9,"minecraft:iron_pickaxe":159,"minecraft:iron_helmet":1,"minecraft:cobblestone":46,"minecraft:stone_axe":211,"minecraft:purple_bed":3,"minecraft:sweet_berries":34,"minecraft:furnace":1,"minecraft:pumpkin_pie":1,"minecraft:cooked_beef":4,"minecraft:cobbled_deepslate":67,"minecraft:iron_leggings":1},"minecraft:picked_up":{"minecraft:crafting_table":5,"minecraft:chicken":1,"minecraft:leather":8,"minecraft:fern":1,"minecraft:wooden_pickaxe":1,"minecraft:potato":15,"minecraft:tuff":6,"minecraft:lapis_lazuli":35,"minecraft:string":10,"minecraft:dirt":5,"minecraft:blue_bed":12,"minecraft:bone":10,"minecraft:bow":1,"minecraft:cobbled_deepslate":67,"minecraft:raw_gold":4,"minecraft:bell":4,"minecraft:spruce_planks":6,"minecraft:grindstone":2,"minecraft:beef":16,"minecraft:stone_pickaxe":1,"minecraft:iron_pickaxe":1,"minecraft:sugar_cane":15,"minecraft:chest":8,"minecraft:furnace":1,"minecraft:iron_boots":1,"minecraft:egg":1,"minecraft:stick":22,"minecraft:raw_iron":41,"minecraft:sweet_berries":40,"minecraft:torch":19,"minecraft:gravel":3,"minecraft:sand":2,"minecraft:spruce_sapling":34,"minecraft:blast_furnace":4,"minecraft:diorite":31,"minecraft:spruce_log":159,"minecraft:redstone":39,"minecraft:spider_eye":4,"minecraft:stone_sword":1,"minecraft:pumpkin_seeds":30,"minecraft:arrow":6,"minecraft:purple_bed":5,"minecraft:rotten_flesh":3,"minecraft:diamond":17,"minecraft:pumpkin_pie":1,"minecraft:granite":15,"minecraft:spruce_sign":1,"minecraft:emerald":5,"minecraft:bread":9,"minecraft:coal":6,"minecraft:cobblestone":85},"minecraft:dropped":{"minecraft:golden_boots":1,"minecraft:iron_ingot":1,"minecraft:sweet_berries":6,"minecraft:cooked_beef":8,"minecraft:baked_potato":8,"minecraft:golden_pickaxe":1,"minecraft:cobblestone":1,"minecraft:rotten_flesh":3,"minecraft:fern":1,"minecraft:carrot":12,"minecraft:pumpkin_seeds":30,"minecraft:spruce_planks":8,"minecraft:spider_eye":3,"minecraft:sand":2,"minecraft:string":8,"minecraft:spruce_sapling":2},"minecraft:killed":{"minecraft:spider":5,"minecraft:skeleton":7,"minecraft:zombie":6,"minecraft:cow":8},"minecraft:custom":{"minecraft:interact_with_furnace":16,"minecraft:mob_kills":26,"minecraft:interact_with_crafting_table":13,"minecraft:bell_ring":46,"minecraft:leave_game":4,"minecraft:time_since_death":115364,"minecraft:sleep_in_bed":6,"minecraft:time_since_rest":4775,"minecraft:sprint_one_cm":276534,"minecraft:damage_taken":1137,"minecraft:walk_one_cm":329626,"minecraft:damage_blocked_by_shield":1381,"minecraft:drop":23,"minecraft:damage_dealt":4323,"minecraft:swim_one_cm":49173,"minecraft:talked_to_villager":7,"minecraft:fly_one_cm":396906,"minecraft:open_chest":23,"minecraft:play_time":115364,"minecraft:crouch_one_cm":29705,"minecraft:sneak_time":8164,"minecraft:walk_under_water_one_cm":9320,"minecraft:jump":2229,"minecraft:interact_with_blast_furnace":15,"minecraft:walk_on_water_one_cm":18140,"minecraft:total_world_time":115364,"minecraft:fall_one_cm":50553},"minecraft:mined":{"minecraft:deepslate_redstone_ore":8,"minecraft:spruce_planks":11,"minecraft:deepslate_diamond_ore":7,"minecraft:crafting_table":5,"minecraft:torch":18,"minecraft:short_grass":3,"minecraft:granite":16,"minecraft:blast_furnace":4,"minecraft:grass_block":2,"minecraft:chest":8,"minecraft:cobblestone":9,"minecraft:spruce_leaves":44,"minecraft:deepslate_gold_ore":5,"minecraft:lapis_ore":6,"minecraft:sugar_cane":6,"minecraft:grindstone":2,"minecraft:diorite":31,"minecraft:wall_torch":1,"minecraft:blue_bed":11,"minecraft:large_fern":2,"minecraft:purple_bed":6,"minecraft:furnace":1,"minecraft:iron_ore":22,"minecraft:sweet_berry_bush":5,"minecraft:spruce_log":147,"minecraft:andesite":8,"minecraft:bell":4,"minecraft:coal_ore":6,"minecraft:deepslate_iron_ore":7,"minecraft:sand":2,"minecraft:dirt":6,"minecraft:stone":78,"minecraft:deepslate":76,"minecraft:fern":1},"minecraft:crafted":{"minecraft:cooked_beef":16,"minecraft:crafting_table":1,"minecraft:spruce_planks":80,"minecraft:baked_potato":15,"minecraft:cooked_chicken":1,"minecraft:iron_sword":1,"minecraft:furnace":1,"minecraft:stone_axe":2,"minecraft:air":0,"minecraft:shield":1,"minecraft:stick":12,"minecraft:iron_ingot":17,"minecraft:iron_pickaxe":1,"minecraft:stone_pickaxe":1,"minecraft:iron_leggings":1,"minecraft:spruce_boat":1,"minecraft:diamond_chestplate":1},"minecraft:broken":{"minecraft:stone_pickaxe":2,"minecraft:stone_axe":1}},"DataVersion":3953}