{"stats":{"minecraft:used":{"minecraft:oak_trapdoor":14,"minecraft:stone_sword":204,"minecraft:flint_and_steel":1,"minecraft:chest":8,"minecraft:shield":18,"minecraft:iron_sword":9,"minecraft:bell":17,"minecraft:rotten_flesh":10,"minecraft:torch":51,"minecraft:dragon_egg":1,"minecraft:dirt":217,"minecraft:furnace_minecart":1,"minecraft:wooden_axe":43,"minecraft:lava_bucket":65,"minecraft:iron_axe":58,"minecraft:golden_carrot":24,"minecraft:bow":149,"minecraft:furnace":3,"minecraft:minecart":1,"minecraft:cooked_beef":27,"minecraft:golden_boots":1,"minecraft:wheat_seeds":191,"minecraft:water_bucket":50,"minecraft:diorite":3,"minecraft:stone_pickaxe":85,"minecraft:oak_planks":231,"minecraft:wooden_pickaxe":61,"minecraft:sugar_cane":61,"minecraft:diamond_axe":103,"minecraft:fletching_table":1,"minecraft:crafting_table":13,"minecraft:blast_furnace":2,"minecraft:white_bed":30,"minecraft:shears":1,"minecraft:wooden_hoe":46,"minecraft:ender_eye":1,"minecraft:diamond_pickaxe":130,"minecraft:bread":60,"minecraft:melon_slice":10,"minecraft:suspicious_stew":4,"minecraft:iron_pickaxe":255,"minecraft:lectern":1,"minecraft:gravel":35,"minecraft:stone_axe":134,"minecraft:diamond_sword":188,"minecraft:cobblestone":52,"minecraft:grindstone":1,"minecraft:smithing_table":4,"minecraft:bucket":118,"minecraft:yellow_bed":17,"minecraft:oak_boat":14},"minecraft:picked_up":{"minecraft:crafting_table":9,"minecraft:wheat":140,"minecraft:nether_wart":29,"minecraft:nether_brick_fence":1,"minecraft:ladder":1,"minecraft:diamond_sword":1,"minecraft:smithing_table":3,"minecraft:lead":1,"minecraft:string":22,"minecraft:oak_trapdoor":10,"minecraft:raw_copper":5,"minecraft:flint_and_steel":1,"minecraft:beetroot":7,"minecraft:gold_nugget":40,"minecraft:beef":150,"minecraft:minecart":1,"minecraft:oak_boat":18,"minecraft:lectern":1,"minecraft:ender_eye":1,"minecraft:poppy":6,"minecraft:melon_slice":10,"minecraft:sugar_cane":305,"minecraft:chest":5,"minecraft:raw_iron":2,"minecraft:stick":1,"minecraft:composter":8,"minecraft:torch":7,"minecraft:diorite":3,"minecraft:carrot":24,"minecraft:stone_sword":2,"minecraft:diamond_chestplate":1,"minecraft:arrow":14,"minecraft:rotten_flesh":48,"minecraft:beetroot_seeds":22,"minecraft:hay_block":30,"minecraft:iron_block":25,"minecraft:furnace_minecart":1,"minecraft:blaze_rod":6,"minecraft:mutton":36,"minecraft:white_wool":18,"minecraft:cobblestone":242,"minecraft:oxeye_daisy":3,"minecraft:cooked_beef":8,"minecraft:basalt":4,"minecraft:golden_carrot":49,"minecraft:andesite":2,"minecraft:leather":98,"minecraft:smoker":1,"minecraft:potato":59,"minecraft:flint":2,"minecraft:oak_log":112,"minecraft:golden_boots":1,"minecraft:yellow_bed":22,"minecraft:gunpowder":2,"minecraft:lapis_lazuli":97,"minecraft:dirt":328,"minecraft:bone":21,"minecraft:stone_bricks":1,"minecraft:bow":13,"minecraft:wheat_seeds":408,"minecraft:bell":18,"minecraft:iron_ingot":45,"minecraft:glowstone_dust":20,"minecraft:oak_planks":121,"minecraft:soul_sand":8,"minecraft:oak_slab":5,"minecraft:dandelion":8,"minecraft:gravel":36,"minecraft:dragon_egg":1,"minecraft:spider_eye":3,"minecraft:blast_furnace":1,"minecraft:white_bed":33,"minecraft:grass_block":2,"minecraft:pumpkin_seeds":4,"minecraft:stone_axe":2,"minecraft:granite":2,"minecraft:chainmail_helmet":1,"minecraft:emerald":12,"minecraft:oak_sapling":4,"minecraft:black_wool":1,"minecraft:coal":227,"minecraft:ender_pearl":6},"minecraft:dropped":{"minecraft:iron_ingot":108,"minecraft:bread":78,"minecraft:iron_sword":1,"minecraft:soul_sand":3,"minecraft:wheat_seeds":113,"minecraft:diamond_axe":1,"minecraft:cooked_beef":25,"minecraft:oak_log":23,"minecraft:diamond":5,"minecraft:diamond_leggings":1,"minecraft:crossbow":8,"minecraft:iron_helmet":1,"minecraft:cookie":144,"minecraft:cobblestone":82,"minecraft:lead":1,"minecraft:granite":2,"minecraft:chainmail_helmet":13,"minecraft:grass_block":1,"minecraft:leather_helmet":1,"minecraft:coal":64,"minecraft:stick":6,"minecraft:oxeye_daisy":3,"minecraft:lava_bucket":1,"minecraft:dirt":15,"minecraft:golden_carrot":1,"minecraft:diamond_helmet":1,"minecraft:iron_leggings":1,"minecraft:iron_pickaxe":2,"minecraft:chainmail_leggings":12,"minecraft:string":9,"minecraft:dandelion":4,"minecraft:bone":16,"minecraft:gravel":1,"minecraft:stone_axe":14,"minecraft:emerald_block":11,"minecraft:stone_sword":2,"minecraft:blaze_rod":6,"minecraft:raw_copper":2,"minecraft:bowl":4,"minecraft:raw_iron":2,"minecraft:beetroot":7,"minecraft:rotten_flesh":38,"minecraft:oak_planks":18,"minecraft:iron_boots":1,"minecraft:glowstone_dust":1,"minecraft:stone_slab":5,"minecraft:white_bed":1,"minecraft:shears":1,"minecraft:pumpkin_seeds":4,"minecraft:suspicious_stew":3,"minecraft:diamond_sword":2,"minecraft:poppy":310,"minecraft:leather_chestplate":2,"minecraft:diamond_chestplate":2,"minecraft:iron_chestplate":1,"minecraft:andesite":2,"minecraft:beetroot_seeds":22,"minecraft:yellow_bed":3,"minecraft:oak_boat":2,"minecraft:oak_sapling":2,"minecraft:ladder":1,"minecraft:leather_leggings":2,"minecraft:stone_bricks":1,"minecraft:spider_eye":3,"minecraft:diamond_boots":1,"minecraft:arrow":83,"minecraft:bow":24,"minecraft:beef":24,"minecraft:stone_pickaxe":1,"minecraft:black_wool":1},"minecraft:killed":{"minecraft:spider":18,"minecraft:horse":8,"minecraft:skeleton":14,"minecraft:silverfish":1,"minecraft:drowned":1,"minecraft:magma_cube":4,"minecraft:iron_golem":1,"minecraft:ender_dragon":1,"minecraft:creeper":4,"minecraft:sheep":14,"minecraft:zombie":32,"minecraft:wither_skeleton":3,"minecraft:villager":1,"minecraft:blaze":13,"minecraft:enderman":3,"minecraft:cow":75},"minecraft:custom":{"minecraft:interact_with_smithing_table":3,"minecraft:mob_kills":196,"minecraft:animals_bred":62,"minecraft:interact_with_crafting_table":56,"minecraft:bell_ring":509,"minecraft:leave_game":17,"minecraft:time_since_death":578944,"minecraft:climb_one_cm":34404,"minecraft:sprint_one_cm":1395196,"minecraft:walk_one_cm":1200690,"minecraft:damage_blocked_by_shield":1037,"minecraft:drop":229,"minecraft:talked_to_villager":351,"minecraft:play_time":580199,"minecraft:sneak_time":15812,"minecraft:walk_under_water_one_cm":11328,"minecraft:boat_one_cm":360373,"minecraft:jump":13706,"minecraft:interact_with_blast_furnace":4,"minecraft:walk_on_water_one_cm":37411,"minecraft:enchant_item":14,"minecraft:total_world_time":580199,"minecraft:interact_with_furnace":33,"minecraft:traded_with_villager":759,"minecraft:interact_with_grindstone":20,"minecraft:sleep_in_bed":29,"minecraft:time_since_rest":8677,"minecraft:damage_taken":3731,"minecraft:damage_dealt":27953,"minecraft:swim_one_cm":30041,"minecraft:fly_one_cm":4490144,"minecraft:open_chest":193,"minecraft:crouch_one_cm":54685,"minecraft:fall_one_cm":347831,"minecraft:interact_with_anvil":2},"minecraft:mined":{"minecraft:nether_gold_ore":10,"minecraft:white_bed":32,"minecraft:jungle_leaves":2,"minecraft:granite":2,"minecraft:grass_block":62,"minecraft:composter":4,"minecraft:nether_wart":30,"minecraft:hay_block":28,"minecraft:oak_trapdoor":10,"minecraft:glowstone":5,"minecraft:carrots":6,"minecraft:iron_ore":3,"minecraft:fire":10,"minecraft:andesite":2,"minecraft:bell":17,"minecraft:nether_brick_fence":1,"minecraft:potatoes":15,"minecraft:stone":248,"minecraft:smithing_table":3,"minecraft:soul_sand":8,"minecraft:smoker":1,"minecraft:basalt":7,"minecraft:dandelion":1,"minecraft:crafting_table":9,"minecraft:torch":7,"minecraft:short_grass":101,"minecraft:blast_furnace":1,"minecraft:melon":2,"minecraft:chest":5,"minecraft:lectern":2,"minecraft:copper_ore":2,"minecraft:tall_grass":31,"minecraft:cobblestone":5,"minecraft:lapis_ore":2,"minecraft:oak_planks":105,"minecraft:sugar_cane":209,"minecraft:diorite":3,"minecraft:seagrass":1,"minecraft:wheat":158,"minecraft:yellow_bed":22,"minecraft:coal_ore":195,"minecraft:oak_log":104,"minecraft:beetroots":7,"minecraft:gravel":35,"minecraft:dirt":54,"minecraft:cobweb":3,"minecraft:stone_bricks":1,"minecraft:oak_leaves":7},"minecraft:crafted":{"minecraft:golden_carrot":6,"minecraft:grindstone":1,"minecraft:cookie":144,"minecraft:smooth_stone":16,"minecraft:oak_planks":324,"minecraft:chainmail_helmet":12,"minecraft:leather_leggings":2,"minecraft:furnace":5,"minecraft:blast_furnace":1,"minecraft:stone":19,"minecraft:suspicious_stew":7,"minecraft:oak_trapdoor":4,"minecraft:iron_boots":1,"minecraft:diamond_helmet":2,"minecraft:diamond_leggings":2,"minecraft:bow":12,"minecraft:iron_axe":1,"minecraft:stone_pickaxe":1,"minecraft:chest":3,"minecraft:diamond_boots":2,"minecraft:chainmail_leggings":12,"minecraft:minecart":2,"minecraft:golden_boots":1,"minecraft:wheat":234,"minecraft:cooked_beef":44,"minecraft:furnace_minecart":1,"minecraft:crossbow":8,"minecraft:arrow":240,"minecraft:diamond_sword":4,"minecraft:emerald":741,"minecraft:diamond_axe":2,"minecraft:crafting_table":6,"minecraft:wooden_pickaxe":1,"minecraft:iron_helmet":1,"minecraft:iron_sword":1,"minecraft:smithing_table":1,"minecraft:leather_helmet":1,"minecraft:fletching_table":1,"minecraft:bucket":3,"minecraft:stone_axe":13,"minecraft:air":0,"minecraft:bread":138,"minecraft:apple":48,"minecraft:oak_boat":2,"minecraft:charcoal":1,"minecraft:emerald_block":9,"minecraft:iron_chestplate":1,"minecraft:white_wool":1,"minecraft:wooden_hoe":1,"minecraft:diamond_pickaxe":3,"minecraft:shield":3,"minecraft:iron_ingot":279,"minecraft:stick":40,"minecraft:stone_slab":6,"minecraft:leather_chestplate":2,"minecraft:iron_pickaxe":2,"minecraft:wooden_axe":1,"minecraft:iron_block":10,"minecraft:stone_sword":2,"minecraft:gold_ingot":4,"minecraft:iron_leggings":1,"minecraft:white_bed":3,"minecraft:torch":44,"minecraft:shears":1,"minecraft:lapis_lazuli":36,"minecraft:diamond_chestplate":2},"minecraft:broken":{"minecraft:stone_sword":1,"minecraft:wooden_pickaxe":1,"minecraft:stone_axe":1,"minecraft:wooden_axe":1}},"DataVersion":3953}